step,timestamp,u0,u1,u2,u3,u0_rate,u1_rate,u2_rate,u3_rate,pose_x,pose_y,pose_z,pose_qw,pose_qx,pose_qy,pose_qz,pose_vx,pose_vy,pose_vz,pose_avx,pose_avy,pose_avz,traj_x_ref,traj_y_ref,traj_z_ref,traj_qw_ref,traj_qx_ref,traj_qy_ref,traj_qz_ref,est_param_thrust_ratio,est_param_drag_coeff_z,est_param_tau_rate,est_param_centre_rate_deg,est_param_max_rate_deg,est_param_rate_expo,MPC_setup_time,MPC_solve_time,Visualisation_time,UKF_update_time
0,1761629046.4287844,-6.828483292234482e-05,-3.74420263189091e-05,0.05000000000525595,-0.006682960970814528,-0.0006828483292234482,-0.00037442026318909095,0.5000000000525595,-0.06682960970814528,0.027,0.015,0.0,1.0,0.001,0.001,0.03,-0.023,-0.004,0.017,0.009,0.005,0.004,0.0,0.0,0.0,1.0,0.0,0.0,0.0,25.0,0.5,0.12,50.0,300.0,0.5,0.0045,0.0028,0.0037,0.0
0,1761629046.4548554,0.0012731981321773991,-0.01817921434192616,0.0950000000045268,0.027983277478110323,0.013346544818075094,-0.1814551651823914,0.4999999999979645,0.339979423518434,0.027,0.015,0.0,1.0,0.001,0.001,0.03,0.011,-0.004,-0.005,-0.024,-0.003,0.007,0.0,0.0,0.0,1.0,0.0,0.0,0.0,25.0,0.5,0.12,50.0,300.0,0.5,0.0012,0.0011,0.0017,0.0
0,1761629046.4964755,-7.079451954606665e-05,-0.02226746920807007,0.1354999999934731,0.048766367200556646,-0.012166728385057255,-0.059061763003365256,0.49999999989398985,0.23581417470257357,0.028,0.015,-0.0,1.0,0.001,0.001,0.03,0.009,-0.001,-0.015,0.011,-0.0,0.001,0.0,0.0,0.0,1.0,0.0,0.0,0.0,25.0,0.5,0.12,50.0,300.0,0.5,0.0014,0.0015,0.0092,0.0
0,1761629046.5468614,-0.0026791611355853383,-0.025408936978509506,0.17194999967311855,0.061600783720762026,-0.02615446067993878,-0.053682146912464423,0.4999999967899274,0.17711053240261046,0.028,0.015,-0.0,1.0,0.001,0.001,0.03,0.009,-0.001,-0.015,0.011,-0.0,0.001,0.0,0.0,0.0,1.0,0.0,0.0,0.0,25.0,0.5,0.12,50.0,300.0,0.5,0.0082,0.008,0.0125,0.0
0,1761629046.571215,-0.0004654483535736272,-0.017047856880719834,0.2047549987745176,0.06923566496867205,0.019457966684531775,0.05820186399938721,0.49999999068710915,0.13794959619986213,0.027,0.015,-0.0,1.0,0.001,0.001,0.03,-0.012,0.007,0.004,0.017,-0.005,-0.001,0.0,0.0,0.0,1.0,0.0,0.0,0.0,25.0,0.5,0.12,50.0,300.0,0.5,0.0073,0.0049,0.0075,0.0
0,1761629046.5920303,0.0053482325457074095,-0.015313135682865594,0.23427949887612576,0.0736842949201139,0.057671360639236724,0.00029935509782257064,0.49999999979059906,0.11372196448309063,0.027,0.015,-0.0,1.0,0.001,0.001,0.03,-0.014,0.005,0.004,-0.016,0.005,-0.003,0.0,0.0,0.0,1.0,0.0,0.0,0.0,25.0,0.5,0.12,50.0,300.0,0.5,0.0024,0.0021,0.0032,0.0
0,1761629046.6212754,0.008289990150119136,-0.012634381350995687,0.2608515489357302,0.07607866821325893,0.03476580858982468,0.011474407635833479,0.4999999994721704,0.09762802785156405,0.027,0.015,-0.0,1.0,0.001,0.001,0.03,-0.02,0.01,0.002,-0.004,0.005,-0.007,0.0,0.0,0.0,1.0,0.0,0.0,0.0,25.0,0.5,0.12,50.0,300.0,0.5,0.001,0.001,0.0017,0.0
0,1761629046.6570637,0.00921407130341883,-0.011856244535450136,0.2847663884374754,0.07749739418474895,0.017530801683116076,-0.0048530131955401845,0.4999999439531824,0.09026592792815899,0.027,0.015,-0.0,1.0,0.001,0.001,0.03,-0.02,0.01,0.002,-0.004,0.005,-0.007,0.0,0.0,0.0,1.0,0.0,0.0,0.0,25.0,0.5,0.12,50.0,300.0,0.5,0.0027,0.0009,0.0021,0.0
0,1761629046.689093,0.003866501036609845,-0.028617417300138656,0.30628970414949774,0.07871481980895102,-0.04426163136467104,-0.17946797218233532,0.4999995455576983,0.08967165042676978,0.027,0.014,-0.001,1.0,0.001,0.001,0.03,0.022,-0.0,-0.005,-0.004,-0.004,-0.001,0.0,0.0,0.0,1.0,0.0,0.0,0.0,25.0,0.5,0.12,50.0,300.0,0.5,0.0013,0.0014,0.0021,0.0
0,1761629046.7329986,0.002435054662144703,-0.022551405566525434,0.3256604382863492,0.07983207757585987,-0.010447962708041558,0.032042700035993535,0.49999704551801255,0.08988739747803938,0.026,0.014,-0.001,1.0,0.001,0.001,0.03,-0.005,0.004,0.001,0.004,-0.004,0.006,0.0,0.0,0.0,1.0,0.0,0.0,0.0,25.0,0.5,0.12,50.0,300.0,0.5,0.0034,0.0051,0.007,0.0
0,1761629046.7647133,0.002924989630765673,-0.031966880251576325,0.3430874773440249,0.0804303556033644,0.0073344043483544,-0.11670615241703435,0.4999308288631067,0.08581485785090509,0.027,0.015,-0.001,1.0,0.001,0.001,0.03,0.017,0.005,-0.017,0.001,0.001,0.005,0.0,0.0,0.0,1.0,0.0,0.0,0.0,25.0,0.5,0.12,50.0,300.0,0.5,0.0022,0.0031,0.0081,0.0
0,1761629046.79225,0.009478787301562607,-0.026355242146466968,0.35861005613942926,0.08015997944341839,0.06846296633873501,0.024149500799517255,0.49831326529806863,0.07772659400390435,0.027,0.015,-0.001,1.0,0.001,0.001,0.03,-0.007,0.013,0.015,-0.008,0.009,-0.005,0.0,0.0,0.0,1.0,0.0,0.0,0.0,25.0,0.5,0.12,50.0,300.0,0.5,0.0014,0.0013,0.0052,0.0
0,1761629046.8256426,0.0033880336788753955,-0.024170567821121026,0.36938081642968923,0.08026769299088107,-0.0514287489253095,-0.0045084988930075565,0.46631765904202904,0.08123711491804507,0.026,0.015,-0.001,1.0,0.001,0.002,0.03,-0.015,-0.001,0.002,0.001,0.006,-0.001,0.0,0.0,0.0,1.0,0.0,0.0,0.0,25.0,0.5,0.12,50.0,300.0,0.5,0.0023,0.0019,0.0037,0.0
0,1761629046.8553383,-0.0018013431212764398,-0.03324494700298341,0.3756326507669391,0.08009473370464172,-0.04850573432264296,-0.11491435963974483,0.4318991598021873,0.07853810012848739,0.027,0.015,-0.002,1.0,0.001,0.001,0.03,0.022,-0.003,-0.022,0.006,-0.008,-0.005,0.0,0.0,0.0,1.0,0.0,0.0,0.0,25.0,0.5,0.12,50.0,300.0,0.5,0.001,0.0011,0.0024,0.0
0,1761629046.8917778,-0.003723398960996216,-0.036284545901506725,0.3785814979806849,0.07998482352590632,-0.021021901518474204,-0.0636409359882166,0.4051211229043977,0.0789956319172875,0.027,0.015,-0.002,1.0,0.001,0.001,0.03,0.022,-0.003,-0.022,0.006,-0.008,-0.005,0.0,0.0,0.0,1.0,0.0,0.0,0.0,25.0,0.5,0.12,50.0,300.0,0.5,0.0032,0.0021,0.0019,0.0
0,1761629046.9214258,5.2319866178369805e-06,-0.03805153166401933,0.37883377742450847,0.0803821921462099,0.033562910515144304,-0.05395440352663282,0.3811042924189203,0.0839585097289419,0.027,0.015,0.0,1.0,0.001,0.002,0.03,0.008,0.0,0.004,-0.006,0.002,0.003,0.0,0.0,0.0,1.0,0.0,0.0,0.0,25.0,0.5,0.12,50.0,300.0,0.5,0.0009,0.0009,0.002,0.0
0,1761629046.9546518,0.0015610991164312722,-0.03691369182832771,0.3791157074715399,0.08080869356453425,0.015563903284752193,-0.026673133307103115,0.38165307789482167,0.0846472063294533,0.027,0.015,0.0,1.0,0.001,0.002,0.03,0.0,-0.002,0.0,-0.01,0.011,0.006,0.0,0.0,0.0,1.0,0.0,0.0,0.0,25.0,0.5,0.12,50.0,300.0,0.5,0.001,0.0009,0.0019,0.0
0,1761629046.988591,-0.0037313970429593956,-0.04227920410139388,0.379740140157095,0.08084011155928608,-0.0513638624774754,-0.09056881455898944,0.3853600343270904,0.08112287351205252,0.028,0.015,-0.0,1.0,0.001,0.002,0.03,0.02,-0.005,-0.012,0.007,-0.007,0.002,0.0,0.0,0.0,1.0,0.0,0.0,0.0,25.0,0.5,0.12,50.0,300.0,0.5,0.0011,0.001,0.0021,0.0
0,1761629047.0220304,-0.00019918926065221922,-0.03953994163944164,0.37971805145999565,0.08070599402794969,0.031590680780112367,-0.014886579481871491,0.3795192531861009,0.07949893624592227,0.028,0.015,-0.0,1.0,0.001,0.002,0.03,0.007,0.004,-0.004,0.003,-0.001,0.0,0.0,0.0,0.0,1.0,0.0,0.0,0.0,25.0,0.5,0.12,50.0,300.0,0.5,0.0014,0.001,0.0019,0.0
0,1761629047.0549438,0.0019594309029701737,-0.02271644424719869,0.3788047795409678,0.08057752280608307,0.021387012375571716,0.12869503228298784,0.37058533226971735,0.0794212818092833,0.027,0.015,0.0,1.0,0.001,0.002,0.03,-0.033,-0.0,0.018,-0.005,0.014,-0.001,0.0,0.0,0.0,1.0,0.0,0.0,0.0,25.0,0.5,0.12,50.0,300.0,0.5,0.001,0.001,0.0019,0.0
0,1761629047.0888143,0.00011944873040807135,-0.05487119324727456,0.38088524989720807,0.08015424734280678,-0.01644039082265085,-0.3442639342479573,0.39960948310337013,0.07634476817331995,0.029,0.015,-0.001,1.0,0.001,0.001,0.03,0.077,-0.003,-0.043,-0.01,-0.032,-0.007,0.0,0.0,0.0,1.0,0.0,0.0,0.0,25.0,0.5,0.12,50.0,300.0,0.5,0.0012,0.0012,0.0022,0.0
0,1761629047.130772,0.002893483243613858,-0.02512580495108139,0.3793298589661592,0.08130625827998514,0.027859793862465933,0.24258268971465718,0.3653313405867192,0.09167435671459037,0.028,0.015,-0.001,1.0,0.001,0.002,0.03,-0.049,0.007,0.02,0.007,0.025,0.017,0.0,0.0,0.0,1.0,0.0,0.0,0.0,25.0,0.5,0.12,50.0,300.0,0.5,0.0011,0.0036,0.0084,0.0
0,1761629047.1592996,-0.010322112285209215,-0.006019383000043458,0.37804251664959987,0.08052975997946163,-0.12926247204461686,0.16593841455929795,0.36645643580056586,0.07354127527475007,0.026,0.014,0.0,1.0,0.001,0.002,0.03,-0.054,-0.016,0.032,0.02,0.01,-0.008,0.0,0.0,0.0,1.0,0.0,0.0,0.0,25.0,0.5,0.12,50.0,300.0,0.5,0.001,0.0009,0.0064,0.0
0,1761629047.190664,-1.437782589518502e-05,-0.042167879379208364,0.3793308994917324,0.0802198572028722,0.09275523230793112,-0.3675043467916925,0.3909263450709247,0.07743073221356728,0.027,0.015,-0.0,1.0,0.001,0.002,0.03,0.042,0.008,-0.015,-0.004,-0.007,-0.004,0.0,0.0,0.0,1.0,0.0,0.0,0.0,25.0,0.5,0.12,50.0,300.0,0.5,0.0019,0.0016,0.0028,0.0
0,1761629047.223724,0.005508377861378037,-0.030005663392752104,0.37910591765990503,0.08019867734117347,0.05521317904683703,0.07945428048535419,0.37708108117345845,0.08000805858588493,0.027,0.015,0.0,1.0,0.001,0.002,0.03,-0.019,0.005,0.006,-0.011,0.008,-0.002,0.0,0.0,0.0,1.0,0.0,0.0,0.0,25.0,0.5,0.12,50.0,300.0,0.5,0.0019,0.0018,0.0026,0.0
0,1761629047.262509,-0.001948455440241528,-0.033687844554454255,0.37928577949637854,0.08060168627391077,-0.0690599551548176,-0.06682747500977355,0.3809045360246394,0.0842287666685464,0.027,0.014,0.0,1.0,0.001,0.002,0.03,0.008,-0.008,-0.001,-0.001,-0.008,0.004,0.0,0.0,0.0,1.0,0.0,0.0,0.0,25.0,0.5,0.12,50.0,300.0,0.5,0.0021,0.0015,0.0077,0.0
0,1761629047.2888274,-0.005385432434483625,-0.043799057170239186,0.37970010341844046,0.08076252278025906,-0.0363182253826625,-0.13479997071230365,0.3834290187169969,0.08221005133739366,0.028,0.014,-0.0,1.0,0.001,0.002,0.03,0.022,-0.005,-0.009,0.007,0.001,0.003,0.0,0.0,0.0,1.0,0.0,0.0,0.0,25.0,0.5,0.12,50.0,300.0,0.5,0.001,0.0009,0.0026,0.0
0,1761629047.3223228,0.0025952322926097657,-0.03347749187974074,0.3794126668024372,0.08047214088486809,0.07442121483645028,0.059416595734745316,0.3768257372584072,0.07785870382634925,0.027,0.014,-0.0,1.0,0.001,0.002,0.03,-0.008,0.005,0.003,-0.01,0.002,-0.003,0.0,0.0,0.0,1.0,0.0,0.0,0.0,25.0,0.5,0.12,50.0,300.0,0.5,0.0015,0.0009,0.0022,0.0
0,1761629047.3547995,0.004476946557737901,-0.01603031393233683,0.3786181313522313,0.081027907172047,0.021412374943891116,0.14099428759429833,0.37146731230037905,0.08602980375665742,0.026,0.015,0.0,1.0,0.001,0.002,0.03,-0.036,0.003,0.019,-0.005,0.002,0.009,0.0,0.0,0.0,1.0,0.0,0.0,0.0,25.0,0.5,0.12,50.0,300.0,0.5,0.001,0.0009,0.0021,0.0
0,1761629047.388589,-0.0045073204096118666,-0.04234880764191633,0.3797750461572294,0.08085106911939219,-0.08536572311575978,-0.2792152510281317,0.39018727940221215,0.07925952664549893,0.027,0.014,-0.0,1.0,0.001,0.002,0.03,0.034,-0.006,-0.019,0.01,-0.005,-0.0,0.0,0.0,0.0,1.0,0.0,0.0,0.0,25.0,0.5,0.12,50.0,300.0,0.5,0.0009,0.0009,0.0024,0.0
0,1761629047.4222467,0.005042051554744826,-0.020047535229384544,0.37928370075971357,0.08029107036601618,0.09098639923395507,0.1806639164834015,0.3748615921820709,0.075251081585632,0.026,0.015,0.0,1.0,0.001,0.002,0.03,-0.04,0.005,0.007,-0.015,0.009,-0.007,0.0,0.0,0.0,1.0,0.0,0.0,0.0,25.0,0.5,0.12,50.0,300.0,0.5,0.0016,0.0009,0.0022,0.0
0,1761629047.469539,-0.003266196472292762,-0.03530657417610825,0.3792423627597183,0.08041181656478821,-0.07804042871563102,-0.17263792469662162,0.3788703207597608,0.08149853235373661,0.027,0.015,0.0,1.0,0.001,0.002,0.03,0.016,0.0,0.002,0.022,-0.005,-0.0,0.0,0.0,0.0,1.0,0.0,0.0,0.0,25.0,0.5,0.12,50.0,300.0,0.5,0.0051,0.0054,0.0081,0.0
0,1761629047.492091,0.0009258489315812487,-0.02871525925978224,0.3793978083486845,0.08070610312569537,0.038654257566447345,0.030606574987151844,0.38079681864937975,0.08335468217385975,0.026,0.015,0.0,1.0,0.001,0.002,0.03,-0.01,0.002,-0.002,-0.004,-0.0,0.004,0.0,0.0,0.0,1.0,0.0,0.0,0.0,25.0,0.5,0.12,50.0,300.0,0.5,0.0016,0.0018,0.0045,0.0
0,1761629047.5256023,-0.0029610709448317537,-0.04256492150431333,0.3793408156584302,0.08023719842555438,-0.037943349832548774,-0.1672118817050932,0.37882788144614227,0.07601705612428514,0.027,0.015,0.0,1.0,0.001,0.002,0.03,0.02,-0.005,0.001,0.003,0.008,-0.007,0.0,0.0,0.0,1.0,0.0,0.0,0.0,25.0,0.5,0.12,50.0,300.0,0.5,0.0014,0.0014,0.0052,0.0
0,1761629047.5574236,-0.00041769793443752765,-0.03461941480744528,0.3794428397828624,0.08083949173899654,0.0224726591591105,0.036890145464367224,0.38036105690275224,0.08626013155997608,0.027,0.014,0.0,1.0,0.001,0.002,0.03,-0.003,-0.002,-0.002,-0.008,-0.001,0.008,0.0,0.0,0.0,1.0,0.0,0.0,0.0,25.0,0.5,0.12,50.0,300.0,0.5,0.0013,0.0014,0.0038,0.0
0,1761629047.5888681,-0.001677606600586694,-0.04383963965456318,0.3795287148507678,0.08048424260388333,-0.01301678459592919,-0.12682166327862437,0.3803015904619158,0.07728700038786449,0.028,0.014,-0.0,1.0,0.001,0.002,0.03,0.027,-0.0,-0.003,0.003,-0.012,-0.004,0.0,0.0,0.0,1.0,0.0,0.0,0.0,25.0,0.5,0.12,50.0,300.0,0.5,0.001,0.0009,0.0026,0.0
0,1761629047.6232202,0.000764469298898657,-0.04436119534267137,0.37977942189211583,0.08062107911682052,0.022743152394266813,-0.0490551965356451,0.3820357852642484,0.08185260773325531,0.028,0.014,-0.0,1.0,0.001,0.002,0.03,0.019,-0.001,-0.008,-0.011,-0.006,0.002,0.0,0.0,0.0,1.0,0.0,0.0,0.0,25.0,0.5,0.12,50.0,300.0,0.5,0.0017,0.0011,0.0028,0.0
0,1761629047.655866,0.0035636592240882664,-0.010620064770299302,0.3789993156270394,0.07973051156460385,0.028756368550794748,0.2930501103810493,0.3719783592413517,0.07171540359465392,0.026,0.015,0.0,1.0,0.001,0.002,0.03,-0.062,0.01,0.014,0.013,0.013,-0.014,0.0,0.0,0.0,1.0,0.0,0.0,0.0,25.0,0.5,0.12,50.0,300.0,0.5,0.0012,0.0012,0.0025,0.0
0,1761629047.6996825,-0.004829354573674648,-0.04947090314480509,0.3796261703210417,0.08096608753230256,-0.08036647875354087,-0.3991284485153572,0.3852678625670614,0.09208627124159086,0.028,0.014,-0.0,1.0,0.001,0.002,0.03,0.054,-0.01,-0.011,0.0,-0.007,0.015,0.0,0.0,0.0,1.0,0.0,0.0,0.0,25.0,0.5,0.12,50.0,300.0,0.5,0.0045,0.0036,0.0074,0.0
0,1761629047.7246418,0.00496877024243859,-0.028296064267575284,0.37982447954551807,0.08057175634973596,0.09315189358745771,0.16227748562749292,0.38160926256580513,0.07702277570663649,0.027,0.015,-0.0,1.0,0.001,0.002,0.03,-0.024,0.013,-0.008,0.0,-0.004,-0.003,0.0,0.0,0.0,1.0,0.0,0.0,0.0,25.0,0.5,0.12,50.0,300.0,0.5,0.0012,0.0015,0.0044,0.0
0,1761629047.756518,0.00787963821680404,-0.01282532354496849,0.3795990553926965,0.08030894982860634,0.034077449986093085,0.12641134295849266,0.3775702380173022,0.07794369113843982,0.026,0.015,-0.0,1.0,0.001,0.002,0.03,-0.036,0.005,0.0,-0.012,-0.004,-0.004,0.0,0.0,0.0,1.0,0.0,0.0,0.0,25.0,0.5,0.12,50.0,300.0,0.5,0.0014,0.0009,0.0031,0.0
0,1761629047.8033125,-0.0014869325905828793,-0.041950176224320276,0.37943367202114736,0.0803119397449036,-0.08578606985706516,-0.3040738503384863,0.37794522167720457,0.08033884899157892,0.027,0.015,-0.0,1.0,0.001,0.002,0.03,0.029,-0.007,0.001,0.003,0.009,-0.002,0.0,0.0,0.0,1.0,0.0,0.0,0.0,25.0,0.5,0.12,50.0,300.0,0.5,0.0049,0.0037,0.0099,0.0
0,1761629047.823005,-0.009119997549087048,-0.010107649245997226,0.37866823196309624,0.08126798280726087,-0.07781758217562455,0.27647509355891026,0.37177927144063616,0.08987237036847645,0.025,0.014,0.0,1.0,0.001,0.002,0.03,-0.063,-0.015,0.018,0.011,0.014,0.013,0.0,0.0,0.0,1.0,0.0,0.0,0.0,25.0,0.5,0.12,50.0,300.0,0.5,0.0009,0.0011,0.0035,0.0
0,1761629047.8618526,0.005262918405910541,-0.04393960975563917,0.37898193634048105,0.0802815911629348,0.13470916200088884,-0.34842725434241656,0.3818052757369439,0.07140406636400023,0.027,0.015,0.0,1.0,0.001,0.002,0.03,0.046,0.013,0.001,-0.015,-0.014,-0.011,0.0,0.0,0.0,1.0,0.0,0.0,0.0,25.000251393265806,0.5000026026788754,0.17144022852637575,50.000010429014765,300.00000041147564,0.5,0.001,0.0009,0.0028,0.0065
1,1761629047.8994853,-0.013186214249447941,-0.037107746423393324,0.37990990000529257,0.08149934540566867,-0.17922840814767427,0.024379023566819258,0.3882615729885954,0.09245913359027351,0.027,0.014,0.0,1.0,0.001,0.002,0.03,-0.003,-0.026,-0.004,0.006,0.003,0.006,0.0,0.0,0.008403361344537815,1.0,0.0,0.0,0.0,25.00112942775786,0.5000262222681863,0.18417887022124246,49.99967030840678,299.9999876933001,0.5,0.0017,0.0024,0.0037,0.0075
2,1761629047.937977,-0.0012142222844488456,-0.03578816003016132,0.3802290114711468,0.08188799864034568,0.10653370540054302,-0.02391188249107322,0.3831010146638342,0.08538587775243894,0.026,0.014,0.0,1.0,0.001,0.002,0.03,-0.004,0.003,0.013,-0.009,0.008,0.002,0.0,0.0,0.01680672268907563,1.0,0.0,0.0,0.0,25.003117711660487,0.5001455904262903,0.19483300132121978,49.998918430931035,299.99995909450877,0.5,0.0018,0.0014,0.0067,0.0105
3,1761629047.9717505,-0.014712622082626184,-0.03282758826201089,0.38259520012913895,0.08201950140734282,-0.13619822026622222,-0.006182442348657002,0.4038908980510679,0.08320302631031709,0.027,0.013,-0.0,1.0,0.001,0.002,0.03,0.004,-0.017,-0.028,0.012,-0.011,-0.001,0.0,0.0,0.025210084033613446,1.0,0.0,0.0,0.0,25.00392577823953,0.5002054827401143,0.20598013945870602,49.99771811118211,299.9999102126682,0.5,0.0027,0.0045,0.0041,0.0096
4,1761629048.007813,-0.010189940096177862,-0.010789151544776793,0.3810631728243046,0.08130771568672315,0.030514197781857016,0.18755677891033007,0.3672749270807944,0.07490164420114598,0.025,0.013,0.001,1.0,0.001,0.002,0.03,-0.052,-0.006,0.05,0.004,0.009,-0.01,0.0,0.0,0.03361344537815126,1.0,0.0,0.0,0.0,25.00937337192146,0.500694744433098,0.2143422405881166,49.99589143862436,299.99984287788453,0.5,0.0015,0.0095,0.0063,0.0062
5,1761629048.0268428,0.013625260503044589,-0.050485208396816264,0.37981941905246397,0.07960084906540137,0.22796206589604662,-0.4077497200651715,0.36862563510589874,0.06423904947350513,0.028,0.013,0.004,1.0,-0.0,0.001,0.03,0.102,-0.017,0.07,-0.059,-0.056,-0.022,0.0,0.0,0.04201680672268907,1.0,0.0,0.0,0.0,25.01638440107567,0.5013255260566534,0.21674985764351162,49.99515304396695,299.9997857082804,0.5,0.001,0.001,0.0022,0.0052
6,1761629048.0755992,-0.005337131697164724,0.054537133084064146,0.3727654392510544,0.05825667807208569,-0.17599866149904853,0.9997382064119877,0.3092796210383679,-0.13384086086775548,0.031,0.012,0.012,1.0,0.0,-0.007,0.027,0.082,-0.018,0.234,0.01,-0.49,-0.181,0.0,0.0,0.05042016806722689,1.0,0.0,0.0,0.0,25.03610320113968,0.5029290409179168,0.16062972940964138,50.01176428179057,300.0002859491494,0.5,0.0016,0.0015,0.006,0.0156
7,1761629048.1066499,-0.019449269926974447,0.10257492977084565,0.35729570216334533,0.04373891122514442,-0.14645851399526197,0.5349150999518792,0.21806806837396397,-0.08692099039732698,0.03,0.012,0.028,1.0,0.001,-0.009,0.023,-0.032,-0.007,0.5,0.047,-0.102,-0.201,0.0,0.0,0.058823529411764705,1.0,0.0,0.0,0.0,25.077839701913838,0.5052663285424427,0.1727363724233146,50.0208713842186,300.0006109895296,0.5,0.0023,0.0016,0.0048,0.0138
8,1761629048.1367016,-0.01838323001565799,0.06830364422882476,0.3453894285897943,0.03615360137837223,-0.008788870813809899,-0.2401379256493632,0.23823296642783545,-0.032114187242577454,0.03,0.012,0.048,1.0,0.002,-0.009,0.021,-0.002,0.003,0.594,0.022,0.028,-0.153,0.0,0.0,0.06722689075630252,1.0,0.0,0.0,0.0,25.12702603504538,0.5054433041710381,0.17460072425033227,50.02701785973752,300.00079979858367,0.5,0.0015,0.002,0.0059,0.0092
9,1761629048.1712527,-0.012588539465361662,0.09400076497186355,0.33757698904160255,0.030124027466287957,0.0395636754873053,0.3252748516592127,0.2672650331078757,-0.024142137742470555,0.027,0.012,0.069,1.0,0.002,-0.008,0.018,-0.109,0.007,0.618,0.014,0.045,-0.133,0.0,0.0,0.07563025210084033,1.0,0.0,0.0,0.0,25.17770431055291,0.5022778283262976,0.16766831400736537,50.03410986920391,300.00104136212923,0.5,0.0024,0.0016,0.005,0.0106
10,1761629048.2130384,0.03563197188406146,0.10006054939758732,0.3521926253097031,0.024180759210341168,0.4696165740288696,0.15459860922910126,0.4837333517226081,-0.02930865509317996,0.028,0.017,0.074,1.0,0.003,-0.011,0.016,0.04,0.148,0.163,0.075,-0.167,-0.148,0.0,0.0,0.08403361344537814,1.0,0.0,0.0,0.0,25.182556219171893,0.5017436229534825,0.23071414077424718,50.022870646497594,300.00036969089,0.5,0.0023,0.0095,0.0104,0.0066
11,1761629048.2355928,0.01564144520583269,0.03157837921199455,0.3350850042658298,0.025646063667742428,-0.16427329489822629,-0.5847611524583401,0.18111641487097127,0.038833803784353776,0.026,0.015,0.098,1.0,0.002,-0.008,0.015,-0.046,-0.069,0.732,-0.086,0.163,-0.045,0.0,0.0,0.09243697478991596,1.0,0.0,0.0,0.0,25.24963312170496,0.49042628474911576,0.19892255648882978,50.03463089744535,300.00094674270406,0.5,0.0015,0.0015,0.0081,0.007
12,1761629048.2734945,0.015907276708462537,-0.02195615688499382,0.3257227857710639,0.02967581557008437,0.018299760232131146,-0.5037669817578893,0.24146281931817054,0.06594358269116188,0.027,0.014,0.123,1.0,0.001,-0.006,0.015,0.024,-0.022,0.728,-0.058,0.123,-0.022,0.0,0.0,0.10084033613445378,1.0,0.0,0.0,0.0,25.314460385329777,0.47590544017873315,0.18267808300346608,50.0409700043235,300.00126935453983,0.5,0.0016,0.0026,0.005,0.0135
13,1761629048.302969,0.05062590758310409,0.006995652380392906,0.3363637781298377,0.028830787024235874,0.363093585454878,0.2675619357688734,0.43213270935880166,0.021225530111599396,0.027,0.017,0.134,1.0,0.001,-0.006,0.014,-0.001,0.089,0.35,0.006,0.002,-0.049,0.0,0.0,0.1092436974789916,1.0,0.0,0.0,0.0,25.335795620524138,0.4698855181714853,0.18184394662724504,50.042377518611055,300.00129944968035,0.5,0.0015,0.0015,0.0065,0.0093
14,1761629048.3350184,-0.012402258323490845,0.03935089667907962,0.3300235742539814,0.03047456516795391,-0.5796557514828453,0.33054809536726015,0.27296173937127455,0.04526856846141617,0.023,0.014,0.154,1.0,0.001,-0.004,0.014,-0.127,-0.076,0.603,0.002,0.114,-0.019,0.0,0.0,0.11764705882352941,1.0,0.0,0.0,0.0,25.38871267705231,0.4529672203206588,0.18017553547083837,50.04498467410218,300.00150120140006,0.5,0.0017,0.0015,0.007,0.0073
15,1761629048.3716605,0.03684835088446368,0.004783777733696537,0.3338943712591965,0.029137461646386142,0.4801038337560543,-0.30632029277475126,0.3687315443061325,0.017103529952276233,0.021,0.018,0.168,1.0,0.001,-0.002,0.013,-0.064,0.095,0.425,0.016,0.137,-0.044,0.0,0.0,0.12605042016806722,1.0,0.0,0.0,0.0,25.420234888026357,0.4416706087615644,0.17417003718256865,50.05459966446168,300.0018219126215,0.5,0.0017,0.0015,0.0072,0.0105
16,1761629048.4017088,-0.024055547017782106,0.0064105074167908754,0.3387291764357555,0.0292423077158758,-0.5721906281379942,0.021051074564639893,0.3822424230247866,0.030185922341282753,0.019,0.016,0.18,1.0,0.002,-0.001,0.013,-0.054,-0.048,0.343,0.051,0.06,-0.032,0.0,0.0,0.13445378151260504,1.0,0.0,0.0,0.0,25.44333677465121,0.43278505618646634,0.17240781695883428,50.05911542928323,300.0019728531405,0.5,0.0015,0.0015,0.0062,0.0084
17,1761629048.4505553,0.006825726301279315,0.07080058121287114,0.3414177562418606,0.028957724495685448,0.2847571861728321,0.6503112453775935,0.3656149744968064,0.02639647551397222,0.016,0.017,0.191,1.0,0.002,-0.002,0.012,-0.092,0.039,0.328,-0.011,-0.063,-0.028,0.0,0.0,0.14285714285714285,1.0,0.0,0.0,0.0,25.466452006158768,0.42356290135634955,0.1702081986235544,50.054482955616095,300.00182010140543,0.5,0.0018,0.0015,0.0166,0.0132
18,1761629048.4659603,0.021930032426630525,0.09173661830828116,0.34304709739111583,0.02840953201297721,0.15786878755479145,0.28016095216697123,0.35771116773441314,0.023475799668603088,0.016,0.017,0.191,1.0,0.002,-0.002,0.012,-0.092,0.039,0.328,-0.011,-0.063,-0.028,0.0,0.0,0.15126050420168066,1.0,0.0,0.0,0.0,25.49111618011149,0.41360107304345833,0.18117163479213388,50.04058583191755,300.0012986526709,0.5,0.0015,0.0015,0.0054,0.0062
19,1761629048.4980772,-0.029295849303169717,0.05935717647593308,0.3578529673324604,0.02465577598762259,-0.4903287848713719,-0.2320578000151996,0.49110579680456246,-0.009128028240568997,0.013,0.016,0.195,1.0,0.003,-0.003,0.011,-0.09,-0.065,-0.022,-0.01,0.094,-0.047,0.0,0.0,0.15966386554621848,1.0,0.0,0.0,0.0,25.473477309111992,0.4208592671327636,0.1789927144991051,50.04610010579289,300.0015085458942,0.5,0.0017,0.0015,0.005,0.0057
20,1761629048.533548,-0.018744072423322284,0.05352847298775369,0.3654234040183797,0.023225643431077976,0.0762219194953046,0.0010701415941393178,0.4335573341916537,0.010354450422176472,0.011,0.016,0.195,1.0,0.003,-0.002,0.01,-0.056,0.008,0.002,0.003,0.004,-0.031,0.0,0.0,0.1680672268907563,1.0,0.0,0.0,0.0,25.46319118397449,0.4248942638042059,0.18400200452725016,50.03691596697571,300.0011380528578,0.5,0.0016,0.0016,0.0049,0.008
21,1761629048.5782886,-0.0048821777512382605,0.13331138527234765,0.371625813880639,0.022224792745811267,0.11987487429751797,0.8513575958336934,0.42744750264097325,0.013217136578410955,0.005,0.016,0.194,1.0,0.002,-0.003,0.01,-0.193,-0.01,-0.045,-0.031,-0.02,-0.033,0.0,0.0,0.1764705882352941,1.0,0.0,0.0,0.0,25.449783958020475,0.42971427326820305,0.1898882698129366,50.02318101740095,300.0006022253409,0.5,0.0025,0.0037,0.007,0.0115
22,1761629048.6160567,-0.01739427806588202,0.10997831405250241,0.37555526491309893,0.020358591762072664,-0.13000318089767582,-0.10001932692610466,0.4109203242052377,0.0035627829084252435,0.002,0.015,0.192,1.0,0.002,-0.003,0.009,-0.092,-0.021,-0.053,0.001,-0.002,-0.031,0.0,0.0,0.18487394957983191,1.0,0.0,0.0,0.0,25.437873150805856,0.43356638989896173,0.206912039985638,49.997799911618245,299.99906454489485,0.5,0.003,0.0043,0.01,0.0137
23,1761629048.641678,-0.0389072227916587,0.08046613665898805,0.38685367400202697,0.021727893904465726,-0.23252372532364884,-0.18514345988264128,0.48853935580237884,0.03405161318600322,-0.001,0.014,0.183,1.0,0.003,-0.002,0.009,-0.083,-0.023,-0.262,0.027,0.026,-0.004,0.0,0.0,0.19327731092436973,1.0,0.0,0.0,0.0,25.400571955238394,0.44389131441652024,0.21610830457211433,49.97517758747703,299.99791910193113,0.5,0.0022,0.0022,0.008,0.0117
24,1761629048.6810124,0.023152889850443753,0.05900891548523273,0.39465836333308385,0.01651533597229075,0.5816939036293658,-0.13410607507856537,0.4649005673125953,-0.030397685417284062,-0.006,0.015,0.174,1.0,0.001,-0.0,0.008,-0.158,0.019,-0.273,-0.075,0.127,-0.056,0.0,0.0,0.20168067226890757,1.0,0.0,0.0,0.0,25.36503629976242,0.451834467783972,0.210103603001235,49.998515962906126,299.9988495004667,0.5,0.0021,0.0029,0.013,0.0121
25,1761629048.7155766,0.0058474161729810195,0.03423675115665405,0.40134633568151923,0.015813282180113523,-0.1499018469241835,-0.1887127278005541,0.461538086817438,0.009494798050518484,-0.011,0.014,0.164,1.0,0.001,0.002,0.008,-0.136,-0.014,-0.31,-0.003,0.12,-0.031,0.0,0.0,0.21008403361344538,1.0,0.0,0.0,0.0,25.326977143695522,0.45826842588257855,0.20725258664154497,50.01512266866921,299.99962504910764,0.5,0.0022,0.0019,0.0125,0.0149
26,1761629048.7472265,-0.014236467926339473,-0.012672198111355878,0.40871137082327746,0.01672504482847118,-0.19499142482022389,-0.4348527415234451,0.4749966870991007,0.024930908663690073,-0.016,0.014,0.151,1.0,0.001,0.005,0.008,-0.139,-0.024,-0.374,0.012,0.182,-0.016,0.0,0.0,0.2184873949579832,1.0,0.0,0.0,0.0,25.2822511923458,0.4633520192254368,0.2050444833573872,50.050524864454545,300.0012395846667,0.5,0.0039,0.0019,0.0105,0.0133
27,1761629048.779021,-0.008536553846931675,0.011446803168216793,0.41316573710946974,0.014433114947089116,0.04276267286773852,0.22851781468437082,0.4532550336851995,-0.006194253985349469,-0.019,0.013,0.139,1.0,0.001,0.005,0.007,-0.109,-0.003,-0.355,0.003,0.032,-0.035,0.0,0.0,0.226890756302521,1.0,0.0,0.0,0.0,25.24202474655961,0.4656764066934443,0.20477991405519474,50.05205463249021,300.0012535482077,0.5,0.0025,0.002,0.0088,0.0149
28,1761629048.8055844,0.029143062856972414,-0.07053196396629208,0.41695138353212796,0.014401054471283422,0.36825961319210915,-0.808340868176872,0.45102220133605164,0.014112510189032161,-0.022,0.013,0.127,1.0,0.0,0.008,0.007,-0.066,-0.003,-0.358,-0.069,0.174,-0.021,0.0,0.0,0.23529411764705882,1.0,0.0,0.0,0.0,25.202468425736104,0.4658966543287521,0.21165011517619955,50.08632166785747,300.00272769413306,0.5,0.0024,0.002,0.0075,0.0095
29,1761629048.8435454,-0.007200900229699193,-0.018296574858098567,0.42121855816684317,0.012914770962844808,-0.3342965680097436,0.451821927115643,0.45962312987928,-0.00046178061310269206,-0.026,0.013,0.115,1.0,0.001,0.009,0.006,-0.137,-0.013,-0.376,0.036,0.021,-0.026,0.0,0.0,0.24369747899159663,1.0,0.0,0.0,0.0,25.160997996898978,0.46414393390292596,0.21431579240924242,50.08784862022635,300.0027654331335,0.5,0.0016,0.0015,0.0058,0.017
30,1761629048.8683515,-0.02109353672367361,-0.030876480396424107,0.4228408950357466,0.010202198731931289,-0.14612726516944344,-0.14409563024135397,0.4374419268558779,-0.014210951346290395,-0.027,0.013,0.105,1.0,0.002,0.008,0.006,-0.025,0.015,-0.333,0.047,-0.004,-0.04,0.0,0.0,0.25210084033613445,1.0,0.0,0.0,0.0,25.125826525552878,0.461178201074021,0.21129017458214452,50.09435514188219,300.0029900036664,0.5,0.0013,0.0015,0.005,0.0097
31,1761629048.906244,0.08094801316999498,-0.02270036378556785,0.4063081925575919,-0.002635679130239141,0.9993219622130122,0.05088468571213842,0.2575138702542,-0.11817657988977301,-0.032,0.023,0.108,1.0,0.001,0.01,0.004,-0.158,0.312,0.103,-0.007,0.112,-0.119,0.0,0.0,0.26050420168067223,1.0,0.0,0.0,0.0,25.151446612993343,0.4642393344416494,0.22938002446266545,50.10360983716667,300.00323509991557,0.5,0.0017,0.0017,0.0084,0.0103
32,1761629048.93691,-0.0271460284063732,-0.07552645443838008,0.4156768874917774,0.025417036571171073,-0.9999924025936867,-0.55096127031369,0.4999951418994467,0.277891477883863,-0.03,0.008,0.092,1.0,0.0,0.009,0.006,0.078,-0.566,-0.608,-0.097,-0.061,0.166,0.0,0.0,0.2689075630252101,1.0,0.0,0.0,0.0,25.07223202952987,0.45386149746563387,0.21812702639369164,50.08749117016038,300.0026989521764,0.5,0.0027,0.0026,0.0063,0.0078
33,1761629048.9704025,-0.023751131147705107,0.029349231428513478,0.4042260908234196,0.022251649256179357,0.006802944180307691,0.9732304042305553,0.30116892080819946,-0.006236836578746102,-0.037,0.009,0.096,1.0,0.001,0.008,0.005,-0.176,0.044,0.114,0.023,-0.073,-0.031,0.0,0.0,0.2773109243697479,1.0,0.0,0.0,0.0,25.099316807311187,0.4582968455091305,0.2137004701050978,50.08950442732032,300.0026326886102,0.5,0.0014,0.0015,0.0068,0.0098
34,1761629049.0015042,0.0053007135572793185,-0.014971847921269252,0.41064851482996184,0.017923324257680295,0.26676731590213915,-0.4138615620693137,0.4684503308888421,-0.021031600728811276,-0.034,0.011,0.09,1.0,0.001,0.007,0.005,0.06,0.046,-0.149,0.017,-0.071,-0.014,0.0,0.0,0.2857142857142857,1.0,0.0,0.0,0.0,25.08462207374314,0.4558583113903125,0.20749852865811996,50.10034580462775,300.0032084023597,0.5,0.0016,0.0028,0.005,0.0078
35,1761629049.0378006,0.023593084886817058,0.022701597402449897,0.4016609282430721,0.01273066187605581,0.1882244268526567,0.3617626053159222,0.32077264896106406,-0.03400329955856454,-0.038,0.011,0.096,1.0,0.0,0.007,0.005,-0.114,0.011,0.15,-0.027,0.004,-0.035,0.0,0.0,0.29411764705882354,1.0,0.0,0.0,0.0,25.109443284309283,0.4601344020759751,0.20934904504866528,50.09877235910316,300.002983303592,0.5,0.0038,0.0013,0.006,0.0093
36,1761629049.070629,-0.05809087500201964,-0.0016590657814728738,0.3950145751962494,0.011258053838282685,-0.79324651400155,-0.22090503443677775,0.3351973977748459,-0.001995418501675464,-0.038,0.011,0.103,1.0,0.003,0.006,0.004,0.009,-0.0,0.205,0.144,-0.034,-0.009,0.0,0.0,0.3025210084033613,1.0,0.0,0.0,0.0,25.136442906254512,0.46439039543583815,0.20540131575763673,50.10673329571901,300.0034576269357,0.5,0.0013,0.0014,0.0067,0.0104
37,1761629049.1175582,-0.0351415933010133,0.07767269397089963,0.38662964386452975,0.007657283338802428,0.1714019420080437,0.7916585317422521,0.311165261879052,-0.02474965115651989,-0.039,0.01,0.113,1.0,0.002,0.003,0.004,-0.018,-0.039,0.325,-0.053,-0.188,-0.042,0.0,0.0,0.31092436974789917,1.0,0.0,0.0,0.0,25.174442641717462,0.46925817082946736,0.19934951917805563,50.11782195982286,300.00374738748485,0.5,0.0024,0.0023,0.0161,0.0125
38,1761629049.1474373,-0.020015307667049148,0.10271309362960765,0.3828785192264319,0.005066239517677028,0.11612126303862834,0.32807669055797994,0.3491183974835517,-0.018253154872451566,-0.039,0.01,0.113,1.0,0.002,0.003,0.004,-0.018,-0.039,0.325,-0.053,-0.188,-0.042,0.0,0.0,0.31932773109243695,1.0,0.0,0.0,0.0,25.207072049232078,0.47196060497453624,0.2110709793858682,50.10160481385814,300.0027198215665,0.5,0.004,0.0019,0.0068,0.0165
39,1761629049.17772,-0.012186436146862935,0.04838131838467941,0.38088851526995543,0.006900397187599286,0.05827340753481302,-0.4406046588196747,0.36297847966166674,0.023407816216899607,-0.038,0.01,0.124,1.0,0.002,0.003,0.004,0.008,-0.014,0.323,-0.024,-0.032,-0.006,0.0,0.0,0.3277310924369748,1.0,0.0,0.0,0.0,25.235097537274594,0.472780163191034,0.21920715174825794,50.086011459895296,300.0018502503481,0.5,0.0024,0.0038,0.0086,0.0122
40,1761629049.2038803,-0.0643199479478003,0.0501006129793626,0.36997916516734136,0.009222621499410775,-0.5335215541562365,0.06557426433151142,0.2717950142438151,0.030122640305714175,-0.043,0.007,0.156,1.0,0.003,0.005,0.003,-0.102,-0.059,0.525,0.036,0.026,0.015,0.0,0.0,0.3361344537815126,1.0,0.0,0.0,0.0,25.28504966286549,0.47126224359816643,0.22060264820621936,50.071308364639876,300.0014553621448,0.5,0.0018,0.0011,0.0095,0.0073
41,1761629049.2408245,-0.033528176887784665,0.03661189821065786,0.3673233161737123,0.002507229564685045,0.24359776265235605,-0.08478653470768474,0.3434206752310499,-0.057931297847846536,-0.042,0.006,0.17,1.0,0.002,0.003,0.002,0.028,-0.022,0.448,-0.037,-0.083,-0.049,0.0,0.0,0.3445378151260504,1.0,0.0,0.0,0.0,25.32030812351098,0.4676329773638182,0.23059600818224604,50.04608897938093,300.0003560425485,0.5,0.0019,0.0017,0.0142,0.0055
42,1761629049.2676384,-0.01924320713409817,0.010238955118572285,0.36334964181924995,0.003224084290738443,0.10932152064908028,-0.2271175327101979,0.3275865726290885,0.009675776825219022,-0.045,0.004,0.187,1.0,0.001,0.005,0.002,-0.101,-0.05,0.496,-0.055,0.108,-0.005,0.0,0.0,0.3529411764705882,1.0,0.0,0.0,0.0,25.35772215191433,0.4608808131927318,0.2240947318146353,50.07236387007434,300.0011331070983,0.5,0.0016,0.0011,0.0074,0.0065
43,1761629049.2990327,-0.03728342154426857,-0.07175283306087621,0.36730178644696043,0.0045426569463407635,-0.19964535123580224,-0.8096789266759126,0.4028710880963543,0.016409810846761644,-0.044,0.002,0.198,1.0,0.001,0.007,0.002,0.028,-0.068,0.346,-0.023,0.103,0.004,0.0,0.0,0.36134453781512604,1.0,0.0,0.0,0.0,25.374449860416654,0.4565926352205733,0.22118738816980313,50.09385249818569,300.00194659866895,0.5,0.0014,0.0013,0.0058,0.0062
44,1761629049.3349228,-0.015391630046237087,-0.03319598588344839,0.36223482046062866,0.0024303704335304423,0.18163449343604626,0.3138156387134019,0.31663212658364315,-0.016580208181762444,-0.048,0.001,0.215,1.0,0.0,0.008,0.002,-0.111,-0.027,0.502,-0.031,0.081,-0.024,0.0,0.0,0.36974789915966383,1.0,0.0,0.0,0.0,25.40839245244486,0.44532000344581163,0.22455989299992274,50.0997748320697,300.0018939029177,0.5,0.0014,0.0013,0.0072,0.0074
45,1761629049.3832145,0.003589527759123405,-0.019692658584431463,0.3610976984754385,0.0029278561194610022,0.17441994800736782,0.10183728710672087,0.3508636006087266,0.0074052272928360405,-0.05,-0.001,0.23,1.0,-0.001,0.009,0.002,-0.071,-0.072,0.456,-0.1,0.033,-0.007,0.0,0.0,0.37815126050420167,1.0,0.0,0.0,0.0,25.43445023394665,0.4347254317856376,0.22549703095915702,50.116327965585114,300.0021742377413,0.5,0.0024,0.0141,0.0066,0.0088
46,1761629049.4036684,0.039354041589795254,-0.09581446416909788,0.36485102459506086,0.0015523829922960732,0.36123466606584187,-0.7809107144310955,0.3986309596716625,-0.010826875152188288,-0.047,0.001,0.24,1.0,-0.001,0.009,0.002,0.115,0.09,0.341,0.036,-0.005,-0.022,0.0,0.0,0.38655462184873945,1.0,0.0,0.0,0.0,25.44634045028982,0.4291788324902271,0.22505548867608452,50.11843278397426,300.00238362322193,0.5,0.0025,0.0031,0.0067,0.007
47,1761629049.4353132,-0.00885152662850485,-0.015375490990526361,0.36146271695165905,0.004326045819919566,-0.44270164059320577,0.7085752676166173,0.33096794816104336,0.029289011268530996,-0.05,-0.003,0.256,1.0,-0.002,0.008,0.002,-0.08,-0.117,0.459,-0.057,-0.039,0.006,0.0,0.0,0.3949579831932773,1.0,0.0,0.0,0.0,25.470914907267552,0.41584439222677594,0.22727802453088625,50.11596375184095,300.00231367713815,0.5,0.0031,0.0014,0.0063,0.0068
48,1761629049.473237,-0.0042334659277835605,0.08540698561470751,0.36601174132739456,0.00245100944862107,0.03732908037870808,0.9924492750618122,0.4069529607090133,-0.014424317893065391,-0.053,-0.005,0.267,1.0,-0.003,0.005,0.001,-0.083,-0.065,0.305,-0.04,-0.17,-0.016,0.0,0.0,0.40336134453781514,1.0,0.0,0.0,0.0,25.477372435096594,0.4119660320283012,0.22015140347249681,50.13777247843241,300.00337780201676,0.5,0.0016,0.0014,0.0055,0.0139
49,1761629049.511741,0.015786571037627522,0.08848804775322872,0.36775644641611505,0.0007647490516110881,0.19596690372632727,0.11621760699991956,0.38345879221459905,-0.01441159452147876,-0.057,-0.005,0.277,1.0,-0.003,0.005,0.001,-0.11,0.004,0.309,0.0,-0.0,-0.021,0.0,0.0,0.4117647058823529,1.0,0.0,0.0,0.0,25.484865928710967,0.4071375853815431,0.22023968123312973,50.135027115212104,300.00316195200656,0.5,0.0015,0.0014,0.0147,0.0099
50,1761629049.5721323,0.026722788423216716,0.0012533776432009092,0.37462078623906314,-0.00029508406898161744,0.1251487448935195,-0.7838586533470494,0.43639984464559506,-0.009833582154315967,-0.054,-0.005,0.283,1.0,-0.003,0.004,0.001,0.087,0.007,0.17,-0.005,-0.033,-0.02,0.0,0.0,0.42016806722689076,1.0,0.0,0.0,0.0,25.478484582685304,0.41193722674626465,0.22507136473374587,50.13309310488149,300.0029514126467,0.5,0.0021,0.0018,0.018,0.0328
51,1761629049.5869987,0.030924137299096502,-0.029919057751786146,0.3783830768031506,-0.0012342440390658343,0.06873627718201454,-0.31047097630666953,0.41224369187993765,-0.009686683769823788,-0.054,-0.005,0.283,1.0,-0.003,0.004,0.001,0.087,0.007,0.17,-0.005,-0.033,-0.02,0.0,0.0,0.42857142857142855,1.0,0.0,0.0,0.0,25.473447405121142,0.4157996291445138,0.2275548022687859,50.133880407313384,300.00286537355015,0.5,0.0016,0.0015,0.006,0.0049
52,1761629049.6041858,-0.028998813550140466,0.05681241381676398,0.3778751257360051,-0.0007690833440419352,-0.5683053711932732,0.837395657933715,0.37330356613169674,0.003417362911173158,-0.055,-0.006,0.291,1.0,-0.002,0.002,0.001,-0.023,-0.044,0.232,0.067,-0.122,-0.01,0.0,0.0,0.4369747899159664,1.0,0.0,0.0,0.0,25.4755023541428,0.41434255379921986,0.22584927200391172,50.132028397182886,300.0021420642958,0.5,0.0008,0.0037,0.0036,0.0084
53,1761629049.642323,0.003650812498557164,0.06372001363783761,0.3825191042974435,3.086327696669676e-05,0.2974974469368358,0.12588841202750017,0.4243149113503898,0.007230382866044386,-0.056,-0.007,0.296,1.0,-0.003,0.001,0.0,-0.125,-0.016,0.119,-0.029,0.101,0.002,0.0,0.0,0.4453781512605042,1.0,0.0,0.0,0.0,25.466193314006627,0.4213082855782065,0.22147831641589666,50.13983915264351,300.0026520689126,0.5,0.0015,0.003,0.0088,0.0107
54,1761629049.6770122,0.0017403378267574036,-0.00046125900267206255,0.3892035265164041,-0.0005061760907123767,-0.01545393421944044,-0.578092712767259,0.44936332648704913,-0.005339530399824039,-0.06,-0.008,0.297,1.0,-0.003,0.004,0.0,-0.13,-0.027,0.03,0.002,0.224,-0.006,0.0,0.0,0.453781512605042,1.0,0.0,0.0,0.0,25.449082292082863,0.4340252486794349,0.2085773708822588,50.18433391671435,300.00456718496275,0.5,0.0021,0.012,0.0058,0.0062
55,1761629049.702121,-0.005447684438646665,0.005033213592452131,0.39528095505935756,-0.0005971278042174639,-0.07013988482728328,0.054483466948569814,0.4499778119459384,-0.0014156932257632484,-0.061,-0.007,0.296,1.0,-0.002,0.004,0.0,-0.008,0.014,-0.025,0.056,-0.011,-0.003,0.0,0.0,0.4621848739495798,1.0,0.0,0.0,0.0,25.428451354904833,0.4492921842140074,0.20810699787345466,50.18157568498875,300.0042946118492,0.5,0.0022,0.0023,0.0052,0.0083
56,1761629049.7651055,-0.010877831080452064,-0.009543422630185698,0.3990481527719775,-0.004980923977713364,-0.059749150856700656,-0.14073314863392616,0.43295293218555664,-0.044435089539176464,-0.059,-0.007,0.295,1.0,-0.001,0.004,-0.001,0.052,0.017,-0.028,0.051,-0.037,-0.035,0.0,0.0,0.47058823529411764,1.0,0.0,0.0,0.0,25.409131885436423,0.46310216310840546,0.208222143869763,50.177666262926415,300.00406687273903,0.5,0.0021,0.0094,0.006,0.0232
57,1761629049.7843926,-0.012822327466249997,-0.014750065105535191,0.4015351637819126,-0.007718894952894809,-0.030322794938431406,-0.06160984738368063,0.42391826287132817,-0.03236063372952781,-0.059,-0.007,0.295,1.0,-0.001,0.004,-0.001,0.052,0.017,-0.028,0.051,-0.037,-0.035,0.0,0.0,0.4789915966386554,1.0,0.0,0.0,0.0,25.390902909615658,0.47554957622540855,0.2081496022344729,50.1749476465084,300.0039415546868,0.5,0.0016,0.0041,0.006,0.0068
58,1761629049.8014646,0.013158400720604617,0.08540675120446778,0.40383239316982483,-0.0022944955399324153,0.24698495440229612,0.9868180979944945,0.42450745766103526,0.04652509917672912,-0.062,-0.008,0.294,1.0,-0.002,0.002,-0.0,-0.099,-0.042,-0.035,-0.079,-0.112,0.025,0.0,0.0,0.48739495798319327,1.0,0.0,0.0,0.0,25.372523438834232,0.4873892730633846,0.20429744979737582,50.16586020721878,300.0030460747125,0.5,0.0015,0.0014,0.0061,0.007
59,1761629049.8566117,-0.00400195107146867,0.008299969112875921,0.4081325715033919,0.00036094232276344135,-0.15844511720012824,-0.6856610697114507,0.44683417650549484,0.024259883087026146,-0.067,-0.009,0.288,1.0,-0.002,0.006,-0.0,-0.014,-0.021,-0.088,0.021,0.117,0.016,0.0,0.0,0.49579831932773105,1.0,0.0,0.0,0.0,25.349554382579925,0.5014217279786172,0.19865216275505213,50.18732484834135,300.00441131643834,0.5,0.0017,0.0017,0.0107,0.0249
60,1761629049.9223735,-0.012025377746320677,-0.039492119232335504,0.4109266127887092,0.0017643216151238803,-0.08423621781998875,-0.46962091433923836,0.4360729843565649,0.014394735246367833,-0.067,-0.009,0.288,1.0,-0.002,0.006,-0.0,-0.014,-0.021,-0.088,0.021,0.117,0.016,0.0,0.0,0.5042016806722689,1.0,0.0,0.0,0.0,25.327461397015938,0.5141493699540775,0.19667254001540468,50.205985395746225,300.0056689554184,0.5,0.0051,0.0028,0.021,0.0333
61,1761629049.9626374,0.006605534768371979,0.01231790583494008,0.41221769641131256,-4.431957431176277e-05,0.17428374740060587,0.47860813144042036,0.42383744901474263,-0.01632209027923255,-0.069,-0.009,0.286,1.0,-0.002,0.005,-0.0,-0.052,0.001,-0.063,-0.006,-0.022,-0.011,0.0,0.0,0.5126050420168067,1.0,0.0,0.0,0.0,25.308277930887513,0.524519107636579,0.19570752560246826,50.202550556824015,300.0053437319984,0.5,0.0017,0.0017,0.0269,0.0086
62,1761629049.9821637,-0.006707986379337472,0.017856121268616423,0.4178433534637581,-0.00014127947459910048,-0.1265296767087225,0.06770006017170352,0.468474266935768,-0.001013918577185139,-0.069,-0.009,0.28,1.0,-0.001,0.005,-0.0,-0.005,-0.002,-0.162,0.029,-0.034,-0.001,0.0,0.0,0.5210084033613445,1.0,0.0,0.0,0.0,25.27951337652044,0.5391671697165569,0.1945137028140788,50.198505512886456,300.0050561378506,0.5,0.0015,0.0018,0.0075,0.0077
63,1761629050.0117266,0.013031630624678095,0.024684042031134286,0.42125542368206176,-0.0017064331885980756,0.1906881836608182,0.086135328893795,0.45196405564679487,-0.015792816614588853,-0.076,-0.01,0.278,1.0,-0.002,0.007,-0.0,-0.135,0.022,-0.154,0.008,0.102,-0.017,0.0,0.0,0.5294117647058824,1.0,0.0,0.0,0.0,25.252195794400187,0.5521184635533832,0.19535712715520098,50.20378525196265,300.0052439252029,0.5,0.0015,0.0016,0.0141,0.0098
64,1761629050.0524118,0.021732544524670078,-0.033295634387001415,0.41707687715604874,-0.0009792124360557767,0.10004076962459796,-0.5551127221502227,0.37946995842193104,0.005565774336824914,-0.074,-0.009,0.278,1.0,-0.002,0.007,-0.0,0.065,0.015,0.005,-0.003,-0.001,-0.001,0.0,0.0,0.5378151260504201,1.0,0.0,0.0,0.0,25.24087816751655,0.557099248977187,0.1950557695447062,50.20632332546921,300.0054547051255,0.5,0.0018,0.0016,0.0244,0.007
65,1761629050.076947,0.02463469187800437,-0.05372875519452543,0.4157796085827512,-0.0006908299524926401,0.05075401805801302,-0.23762684246224153,0.4041041914230732,0.0019046123995755896,-0.074,-0.009,0.278,1.0,-0.002,0.007,-0.0,0.065,0.015,0.005,-0.003,-0.001,-0.001,0.0,0.0,0.5462184873949579,1.0,0.0,0.0,0.0,25.228398485858946,0.5623574294406727,0.19503186384388316,50.21020448415556,300.00570880702793,0.5,0.0016,0.0014,0.005,0.0159
66,1761629050.1217377,0.012365554186814592,0.051369297745678236,0.40781720590007836,-0.0036258363643105257,-0.09805668503389342,0.9972517742075112,0.3361555817560228,-0.03004089407067149,-0.079,-0.01,0.285,1.0,-0.002,0.005,-0.001,-0.177,-0.035,0.202,-0.035,-0.079,-0.02,0.0,0.0,0.5546218487394958,1.0,0.0,0.0,0.0,25.233883569558515,0.5600829087857326,0.19264081306159717,50.19695985843984,300.00507790065745,0.5,0.0018,0.0017,0.0203,0.0134
67,1761629050.1520953,0.007169213690069765,0.13030344054186888,0.40426993348277757,-0.005268796735673442,-0.0395978507806337,0.8407107257075846,0.37234448172707113,-0.020055440077939694,-0.079,-0.01,0.285,1.0,-0.002,0.005,-0.001,-0.177,-0.035,0.202,-0.035,-0.079,-0.02,0.0,0.0,0.5630252100840336,1.0,0.0,0.0,0.0,25.236935213684525,0.5588041804870291,0.19493868706981451,50.17256616331627,300.00411284994414,0.5,0.0016,0.0027,0.0114,0.0139
68,1761629050.179705,0.02681681499382028,0.03370635775882698,0.4111671293819424,-0.004193878828601012,0.2036452267275749,-0.8356673872885502,0.4732418924744266,0.0054803823350508575,-0.077,-0.01,0.285,1.0,-0.002,0.005,-0.001,0.065,0.022,-0.001,-0.012,-0.012,-0.003,0.0,0.0,0.5714285714285714,1.0,0.0,0.0,0.0,25.219234057175484,0.5667469505927017,0.20275380439408194,50.15292666195409,300.00233558436645,0.5,0.0017,0.0016,0.0106,0.0099
69,1761629050.2076623,0.03629259573288736,0.030506692113912263,0.4124962815867464,-0.004040785559431047,0.1215746223844911,0.0017097013096796232,0.4244586514299828,-0.002662946136901356,-0.08,-0.009,0.291,1.0,-0.002,0.005,-0.001,-0.043,0.04,0.065,0.004,0.021,-0.002,0.0,0.0,0.5798319327731092,1.0,0.0,0.0,0.0,25.207936768994255,0.571970522336242,0.20393614722490955,50.14600034587474,300.00192321372106,0.5,0.0022,0.0019,0.0091,0.0079
70,1761629050.2660606,0.04348629723921567,0.04033126919947583,0.407445714081315,-0.00712222049211361,0.10822961079617041,0.1287524629695479,0.36199060653243303,-0.03485513488625667,-0.084,-0.008,0.307,1.0,-0.002,0.004,-0.002,0.006,0.057,0.198,0.017,-0.054,-0.025,0.0,0.0,0.5882352941176471,1.0,0.0,0.0,0.0,25.208697050561245,0.5716366286497753,0.2080726221829863,50.11624507508113,300.00029322105996,0.5,0.0016,0.003,0.0173,0.0267
71,1761629050.2851384,0.04593812668397261,0.0437205238941559,0.40560345594211195,-0.00914080314106866,0.06800459168678519,0.0742238161462765,0.3890231326892839,-0.027308046981664117,-0.084,-0.008,0.307,1.0,-0.002,0.004,-0.002,0.006,0.057,0.198,0.017,-0.054,-0.025,0.0,0.0,0.5966386554621849,1.0,0.0,0.0,0.0,25.207757197457436,0.5721420191487719,0.21232004520540734,50.08031036744968,299.99884385304335,0.5,0.0016,0.0013,0.0072,0.0082
72,1761629050.3069146,-0.05080508812187941,0.032453657639856484,0.3996263315283082,-0.00616962317971557,-0.9214940213745475,-0.06894813864883825,0.34583221180407375,0.02057099647246225,-0.086,-0.011,0.318,1.0,-0.001,0.005,-0.002,-0.042,-0.094,0.325,0.062,0.026,0.019,0.0,0.0,0.6050420168067226,1.0,0.0,0.0,0.0,25.216945160995564,0.5670824611331157,0.21008032475340455,50.09397871077,299.99892054577845,0.5,0.0022,0.0015,0.0084,0.0069
73,1761629050.3558402,-0.004995897970737739,0.026432355452505805,0.39883431142357645,-0.005165968254580586,0.4072868133895373,-0.027759364233650302,0.39170613048099057,0.0038669260716342885,-0.089,-0.011,0.327,1.0,-0.002,0.006,-0.002,-0.083,-0.002,0.271,-0.042,0.074,0.008,0.0,0.0,0.6134453781512604,1.0,0.0,0.0,0.0,25.21927153136807,0.5656619786499519,0.20758384248997755,50.104808220112425,299.999365889923,0.5,0.0018,0.0017,0.0177,0.0171
74,1761629050.3867655,0.012714344186455562,-0.031142074296988693,0.4041482188489472,-0.007174661926458372,0.17210652360119527,-0.5493119420424392,0.4519733856772834,-0.025252904973358435,-0.09,-0.01,0.332,1.0,-0.001,0.008,-0.002,-0.033,0.04,0.138,0.02,0.121,-0.021,0.0,0.0,0.6218487394957983,1.0,0.0,0.0,0.0,25.20895190161526,0.5723929070344883,0.20577233134848902,50.15042903130292,300.0006755087149,0.5,0.0019,0.0031,0.0162,0.0082
75,1761629050.4176583,0.018699867230055768,-0.049702345417712304,0.4074433947262244,-0.00873844420679952,0.07256957462245764,-0.21674478550422474,0.4370999776217179,-0.022812484729869825,-0.09,-0.01,0.332,1.0,-0.001,0.008,-0.002,-0.033,0.04,0.138,0.02,0.121,-0.021,0.0,0.0,0.6302521008403361,1.0,0.0,0.0,0.0,25.198816960530063,0.5794715944684052,0.20893229525061718,50.18127409162663,300.0018020247465,0.5,0.0064,0.0066,0.0106,0.0061
76,1761629050.443621,0.0016063102911555785,-0.05446619621429742,0.40086328747100725,-0.006788613598585349,-0.1522357021589461,-0.09734085338356342,0.34164232217405244,0.010759861875342197,-0.089,-0.009,0.343,1.0,-0.001,0.009,-0.002,0.022,0.01,0.339,0.032,0.028,0.007,0.0,0.0,0.6386554621848739,1.0,0.0,0.0,0.0,25.205724102739328,0.5743688875614568,0.2104594104234809,50.193427980439516,300.0022262177745,0.5,0.0015,0.0014,0.006,0.0162
77,1761629050.4699054,-0.004489978653882536,0.015509094745496887,0.39375195155284126,-0.006853419806550763,-0.059356579159225584,0.6452867133836456,0.329749928289348,-0.007436675678239491,-0.092,-0.009,0.358,1.0,-0.0,0.008,-0.002,-0.089,0.01,0.431,0.016,-0.004,-0.005,0.0,0.0,0.6470588235294117,1.0,0.0,0.0,0.0,25.218516607665144,0.564218718844489,0.21204332354395222,50.185930317481414,300.00183478941904,0.5,0.0017,0.0015,0.0058,0.01
78,1761629050.5060391,0.009172077383049232,0.00782192569616072,0.3975263915846426,-0.007358219549878546,0.13213058171543512,-0.06136259574786471,0.43149635187085345,-0.011901417239828595,-0.093,-0.006,0.366,1.0,0.001,0.009,-0.002,-0.038,0.09,0.25,0.067,0.006,-0.01,0.0,0.0,0.6554621848739496,1.0,0.0,0.0,0.0,25.21458126660021,0.5676068528525591,0.21365623870493541,50.187807348413656,300.00181521282803,0.5,0.006,0.0015,0.0084,0.0055
79,1761629050.540425,0.013395936187848791,0.004926970703296596,0.39995167409194016,-0.007853488273540684,0.05141066543104481,-0.02112762423248056,0.4217792166576177,-0.012310906786499919,-0.093,-0.006,0.366,1.0,0.001,0.009,-0.002,-0.038,0.09,0.25,0.067,0.006,-0.01,0.0,0.0,0.6638655462184874,1.0,0.0,0.0,0.0,25.21048573827096,0.5713203706978341,0.2147078250036539,50.190405792301746,300.00178423032446,0.5,0.0018,0.0017,0.008,0.0113
80,1761629050.6370502,0.014862697269890254,0.003629213565532828,0.40163395603273633,-0.008178550304000788,0.028063547008263422,-0.008050600674341088,0.4167744934999027,-0.011104108578141713,-0.093,-0.006,0.366,1.0,0.001,0.009,-0.002,-0.038,0.09,0.25,0.067,0.006,-0.01,0.0,0.0,0.6722689075630252,1.0,0.0,0.0,0.0,25.206129195934427,0.5754495851388204,0.2154561404049949,50.194151145379884,300.00175637146947,0.5,0.0169,0.0103,0.0415,0.0169
81,1761629050.74872,0.015323255926162844,0.00301631546930964,0.4030611115317813,-0.008387971680269805,0.01946828383261611,-0.0024997673966990486,0.4159055110231861,-0.010272764066690955,-0.093,-0.006,0.366,1.0,0.001,0.009,-0.002,-0.038,0.09,0.25,0.067,0.006,-0.01,0.0,0.0,0.680672268907563,1.0,0.0,0.0,0.0,25.20147356989001,0.5800410082272196,0.2160666472052432,50.199116671888014,300.0017387751859,0.5,0.0128,0.0102,0.0642,0.022
82,1761629050.7720623,-0.054316008571214276,0.01932447593693827,0.3867939434901887,-0.009761352215493013,-0.6810693890476085,0.1660979201455959,0.24038943111585484,-0.02212177703250189,-0.099,-0.008,0.388,1.0,0.001,0.011,-0.002,-0.181,-0.063,0.656,0.048,0.128,-0.022,0.0,0.0,0.6890756302521008,1.0,0.0,0.0,0.0,25.227215163279734,0.5521354292387197,0.21849682931674494,50.20034237518496,300.0010367339975,0.5,0.0031,0.0015,0.0073,0.0103
83,1761629050.7995157,-0.001554600558481202,-0.015576995913122026,0.3864067516341822,-0.010822113458308389,0.4732980715561164,-0.3296902425636647,0.38292202493012284,-0.02036896464364677,-0.101,-0.006,0.402,1.0,0.001,0.012,-0.003,-0.058,0.058,0.454,-0.012,0.061,-0.011,0.0,0.0,0.6974789915966386,1.0,0.0,0.0,0.0,25.234737121707226,0.5431361952184696,0.21893640916970286,50.20160188299789,300.0010689012695,0.5,0.0016,0.0018,0.011,0.0119
84,1761629050.8263984,0.005523643563974459,-0.005050650639778536,0.3852440829613787,-0.009187653247452262,0.06922784066607535,0.08968645682031284,0.37478006490614735,0.005522488650252899,-0.103,-0.007,0.418,1.0,0.0,0.012,-0.003,-0.054,-0.023,0.465,-0.052,-0.003,0.007,0.0,0.0,0.7058823529411764,1.0,0.0,0.0,0.0,25.242141005180667,0.5335533915355287,0.21677733143709674,50.20534129712385,300.00127756931295,0.5,0.0022,0.0032,0.0102,0.0102
85,1761629050.8500707,0.008843729141263856,0.02799619692658298,0.37577619036573695,-0.01130548496315938,0.03872449933686843,0.32541782502383665,0.2905651570049615,-0.030365970404523424,-0.107,-0.006,0.44,1.0,0.0,0.012,-0.003,-0.109,0.01,0.661,-0.011,0.005,-0.023,0.0,0.0,0.7142857142857143,1.0,0.0,0.0,0.0,25.262323555914165,0.5059484045495646,0.21712557473526117,50.19627428015882,300.0010536399802,0.5,0.0024,0.0016,0.0115,0.0071
86,1761629050.8690178,-0.0006025533107194229,-0.05508541054223162,0.37741195089234925,-0.010169859141535436,-0.08561909537856893,-0.802819877761563,0.39213379563186007,5.077325308003311e-05,-0.101,-0.005,0.456,1.0,0.001,0.01,-0.003,0.176,0.037,0.483,0.04,-0.104,-0.0,0.0,0.0,0.7226890756302521,1.0,0.0,0.0,0.0,25.26847668071584,0.49669317522939177,0.21746310237101457,50.20362884145353,300.0018177795846,0.5,0.0016,0.0016,0.0071,0.0077
87,1761629050.9020288,-0.09316177095550274,0.020147608619170032,0.3751169149125907,-0.005041621714576373,-0.9261947297585524,0.6972447810717849,0.3544615910947634,0.04111251512805519,-0.111,-0.015,0.505,1.0,0.001,0.01,-0.002,-0.17,-0.148,0.5,0.017,0.066,0.019,0.0,0.0,0.7310924369747899,1.0,0.0,0.0,0.0,25.275783076256676,0.48533815288091364,0.22049869067436823,50.198015329375444,300.00079588212327,0.5,0.0018,0.0017,0.0071,0.0072
88,1761629050.952929,-0.020464466275681714,-0.07474379335598764,0.374126152136004,-0.008670202868764545,0.6338112758427075,-0.9287664111324067,0.36520928714672324,-0.041327433256458074,-0.105,-0.013,0.522,1.0,0.0,0.01,-0.002,0.171,0.058,0.475,-0.008,-0.039,-0.019,0.0,0.0,0.7394957983193277,1.0,0.0,0.0,0.0,25.281311951682078,0.47626519200571216,0.22207762921899288,50.20150265092673,300.00142687077124,0.5,0.0018,0.0017,0.0109,0.0209
89,1761629050.9895031,0.020044215053375232,-0.10896243938172567,0.37400349177961634,-0.009863337633656023,0.3846223470148877,-0.41693025361336794,0.3728995485721275,-0.020601550517679333,-0.105,-0.013,0.522,1.0,0.0,0.01,-0.002,0.171,0.058,0.475,-0.008,-0.039,-0.019,0.0,0.0,0.7478991596638656,1.0,0.0,0.0,0.0,25.286557760261022,0.46693718132649814,0.22253102685531775,50.20833868946521,300.00214318937776,0.5,0.0016,0.0062,0.0165,0.0115
90,1761629051.015932,0.035509595973079566,-0.12001619642619209,0.3743223397326342,-0.010531212085286562,0.17469802425041855,-0.21950000982638979,0.3771919713097951,-0.016542082149961425,-0.105,-0.013,0.522,1.0,0.0,0.01,-0.002,0.171,0.058,0.475,-0.008,-0.039,-0.019,0.0,0.0,0.7563025210084033,1.0,0.0,0.0,0.0,25.291566983586186,0.4574261203373637,0.2238583365503223,50.20840969311068,300.00246326287225,0.5,0.0025,0.0015,0.012,0.0095
91,1761629051.0562859,0.020805100474244418,-0.041434983767192915,0.37176956248611936,-0.010988702596080493,-0.11153535901527192,0.6657959301637997,0.34879456726748564,-0.01510611719322588,-0.105,-0.011,0.539,1.0,0.001,0.009,-0.003,0.003,0.053,0.526,0.025,-0.036,-0.009,0.0,0.0,0.7647058823529411,1.0,0.0,0.0,0.0,25.29934845660532,0.44202951702954396,0.22587309909073108,50.182281126697625,300.0008964462171,0.5,0.0015,0.0072,0.0193,0.0102
92,1761629051.0988574,0.021246152651341315,0.02907710300285342,0.3640889269422645,-0.0123110560426128,0.02521562224521337,0.6636858839332707,0.2949632070475712,-0.024212237061403543,-0.11,-0.009,0.56,1.0,0.001,0.01,-0.003,-0.157,0.064,0.658,0.025,0.065,-0.019,0.0,0.0,0.7731092436974789,1.0,0.0,0.0,0.0,25.31400364088448,0.41201238722454825,0.23087950470229957,50.0879198112132,299.9957853207257,0.5,0.0016,0.0016,0.0306,0.0078
93,1761629051.1191642,-0.009026797974375979,0.04174354985899116,0.3662702316015265,-0.01110681680810843,-0.28148335360583165,0.15574157156423096,0.38590197353488376,-0.0002686636975690951,-0.113,-0.01,0.577,1.0,0.001,0.01,-0.003,-0.086,-0.008,0.497,0.005,0.005,-0.0,0.0,0.0,0.7815126050420168,1.0,0.0,0.0,0.0,25.31886294639377,0.40142245970204704,0.23059503204227158,50.072382493876056,299.9948493084222,0.5,0.0016,0.0017,0.0081,0.0078
94,1761629051.146092,-0.013632481461069868,0.04317786778745817,0.3558303040664348,-0.013020688678353248,-0.055083632841314886,0.056086729143661314,0.26187095625060963,-0.03024553551055661,-0.115,-0.009,0.602,1.0,0.002,0.01,-0.003,-0.062,0.019,0.735,0.011,-0.006,-0.026,0.0,0.0,0.7899159663865546,1.0,0.0,0.0,0.0,25.33632494057331,0.3625932568846554,0.23070776598547835,50.0646538029619,299.99481754924085,0.5,0.0016,0.0049,0.0111,0.0082
95,1761629051.170666,-0.07324415320839003,0.05982102030896563,0.34827617286021917,-0.007452127568462502,-0.6097491989342715,0.20960939300253278,0.28028899200427837,0.0426649224205542,-0.118,-0.01,0.645,1.0,0.002,0.009,-0.003,-0.093,-0.079,0.735,0.028,0.01,0.036,0.0,0.0,0.7983193277310924,1.0,0.0,0.0,0.0,25.352553162119758,0.3248309497307857,0.22999743655093538,50.07525402831773,299.99455212519,0.5,0.0017,0.0019,0.0086,0.0078
96,1761629051.2281904,-0.0420094865840704,0.08832461106630071,0.3353900944142313,-0.007821934345278374,0.23910251303480634,0.34485692788231637,0.2194153884003407,-0.011150195336621205,-0.126,-0.011,0.675,1.0,0.001,0.011,-0.003,-0.254,-0.041,0.91,-0.056,0.15,-0.005,0.0,0.0,0.8067226890756303,1.0,0.0,0.0,0.0,25.375882397268825,0.266732069214199,0.2192461109559614,50.101558353584124,299.99383895020685,0.5,0.0018,0.0049,0.0154,0.0218
97,1761629051.290974,-0.026647738028730255,0.1037246868284965,0.32915672621988923,-0.008400008927212675,0.11160799896933105,0.24232536868825855,0.27305641247081,-0.013602680164621388,-0.126,-0.011,0.675,1.0,0.001,0.011,-0.003,-0.254,-0.041,0.91,-0.056,0.15,-0.005,0.0,0.0,0.8151260504201681,1.0,0.0,0.0,0.0,25.39669536062849,0.20999383182088135,0.2084201384400264,50.155042579320416,299.9949875657977,0.5,0.0027,0.0015,0.0459,0.0109
98,1761629051.3318698,-0.0685336236954076,0.00855028221581347,0.33526494022314957,-0.00700143549290737,-0.44550659469550363,-0.848019359298334,0.3902388662524922,0.005585725415840396,-0.126,-0.014,0.697,1.0,0.001,0.012,-0.003,0.008,-0.081,0.665,0.016,0.041,0.018,0.0,0.0,0.8235294117647058,1.0,0.0,0.0,0.0,25.405478121995408,0.1840590432464748,0.21249314142562908,50.13407884527064,299.99384364260305,0.5,0.0054,0.0015,0.0116,0.0154
99,1761629051.3598413,-0.0124240688615379,0.045562848631482473,0.3358080943609187,-0.009465967041598734,0.49256192464328924,0.37867594637250346,0.3406964816008404,-0.03164675097982102,-0.13,-0.012,0.72,1.0,0.001,0.012,-0.003,-0.127,0.051,0.689,-0.007,0.027,-0.018,0.0,0.0,0.8319327731092436,1.0,0.0,0.0,0.0,25.41527508704651,0.15325071036859134,0.2136008358372766,50.106839308880424,299.9934118899367,0.5,0.0015,0.0039,0.0132,0.0082
100,1761629051.3900414,-0.04593239432839123,0.001111687462025529,0.3410478560199305,-0.007249298924327338,-0.3475073235300712,-0.3989487630630869,0.3882057109510371,0.012700714131115232,-0.128,-0.014,0.738,1.0,0.001,0.011,-0.003,0.072,-0.076,0.548,-0.023,-0.075,0.018,0.0,0.0,0.8403361344537815,1.0,0.0,0.0,0.0,25.41953588067465,0.1392353825754305,0.21785638987777103,50.04072635936294,299.9905613030826,0.5,0.0015,0.0037,0.0116,0.0124
101,1761629051.418221,0.031870487771371844,0.10056714327077293,0.3356844827656396,-0.014124440229700162,0.7320964266692395,0.9956662455494996,0.28741412347702217,-0.07600071197805557,-0.136,-0.015,0.761,1.0,-0.002,0.011,-0.004,-0.267,-0.01,0.697,-0.143,-0.001,-0.058,0.0,0.0,0.8487394957983193,1.0,0.0,0.0,0.0,25.429933973001823,0.10423613132265055,0.21358900047295099,50.08088591782329,299.99243023206526,0.5,0.0017,0.0033,0.0101,0.0109
102,1761629051.4422548,-0.009103349079560244,0.040273453677419566,0.3354065967662015,-0.007041650772897976,-0.377867880737949,-0.5023697526627606,0.3329056227712587,0.0567034543383217,-0.134,-0.017,0.781,1.0,-0.002,0.01,-0.003,0.071,-0.072,0.613,-0.009,-0.059,0.047,0.0,0.0,0.8571428571428571,1.0,0.0,0.0,0.0,25.437091738691038,0.07964044728648897,0.2182449311649043,50.02181233082847,299.9882830849937,0.5,0.0016,0.0016,0.0096,0.0101
103,1761629051.4698539,0.01859987293666244,0.13236158935893222,0.3508046899066102,-0.012103019253308346,0.2679288710826666,0.9611548104925458,0.48938752817028747,-0.05765533557700166,-0.135,-0.008,0.836,1.0,-0.0,0.004,-0.004,-0.197,0.056,0.197,0.013,0.025,-0.035,0.0,0.0,0.8655462184873949,1.0,0.0,0.0,0.0,25.43014205521746,0.10476535600979543,0.21721845107719126,49.99502394940328,299.9882425635255,0.5,0.0017,0.0017,0.008,0.0076
104,1761629051.503134,-0.0830021785296513,0.1372272137995172,0.3368711628227253,-0.007558479295317941,-0.997420641726475,0.18101783376478206,0.21146941906776065,0.0333423803265957,-0.14,-0.017,0.858,1.0,0.0,0.005,-0.003,-0.153,-0.248,0.634,0.036,0.062,0.062,0.0,0.0,0.8739495798319328,1.0,0.0,0.0,0.0,25.440687271160304,0.07089452381585151,0.21683172233148804,49.998955819160436,299.9875120726296,0.5,0.0017,0.0017,0.0079,0.0075
105,1761629051.5546799,0.02505992237446239,0.04032905156188257,0.3531638881221149,-0.01585931845458313,0.9976188305114857,-0.8317544085768289,0.49979841581662154,-0.0905668708879698,-0.135,-0.008,0.854,1.0,-0.001,0.003,-0.004,0.161,0.277,-0.141,-0.061,-0.121,-0.057,0.0,0.0,0.8823529411764706,1.0,0.0,0.0,0.0,25.423438731571654,0.12712099571748486,0.22579235375539075,49.8552568394888,299.9757099468553,0.5,0.0018,0.0041,0.0148,0.0157
106,1761629051.5790882,0.12250030997459804,0.02322518840933832,0.3678273449882124,-0.020647504145946897,0.999463798375819,-0.13070957996356009,0.4997984567830903,-0.06374117536822081,-0.135,-0.008,0.854,1.0,-0.001,0.003,-0.004,0.161,0.277,-0.141,-0.061,-0.121,-0.057,0.0,0.0,0.8907563025210083,1.0,0.0,0.0,0.0,25.40869383046907,0.16964935918487142,0.23020744258361997,49.74763255114494,299.9686216571763,0.5,0.0022,0.0017,0.0059,0.0127
107,1761629051.6218612,0.077912376937745,0.0648478235698197,0.3758835146916074,-0.01920733157358,-0.3233790203939325,0.43945154001415204,0.44838904202216157,-0.006245778422277932,-0.15,-0.02,0.86,1.0,-0.003,0.007,-0.003,-0.153,-0.017,-0.048,-0.048,0.097,-0.007,0.0,0.0,0.8991596638655461,1.0,0.0,0.0,0.0,25.399155424392983,0.19271381784089756,0.2338941995397126,49.78028796218372,299.97071544389235,0.5,0.0051,0.0025,0.0113,0.0186
108,1761629051.6556354,0.04849246080553629,0.08280452613167025,0.37977231302040304,-0.01618773606872803,-0.21628678438434223,0.24441484918832507,0.41477149797956336,0.010988623474939724,-0.15,-0.02,0.86,1.0,-0.003,0.007,-0.003,-0.153,-0.017,-0.048,-0.048,0.097,-0.007,0.0,0.0,0.907563025210084,1.0,0.0,0.0,0.0,25.390365570877858,0.20993513160143307,0.23807109472455618,49.793332182199705,299.9717478374077,0.5,0.0037,0.0037,0.0091,0.0164
109,1761629051.6866698,0.05198027387464994,0.10710820241653152,0.3806161098853202,-0.014245945727136902,0.08337059149667281,0.32584128898028286,0.3882102816695747,0.003230167347183269,-0.156,-0.019,0.859,1.0,-0.004,0.008,-0.003,-0.175,0.024,-0.023,-0.015,0.074,-0.008,0.0,0.0,0.9159663865546218,1.0,0.0,0.0,0.0,25.383313217235028,0.22096004805204525,0.24022139993481043,49.785123485788404,299.97200076656145,0.5,0.0032,0.0041,0.0106,0.0117
110,1761629051.7126327,0.02694694669747575,0.10080961013259365,0.3828546061057072,-0.011542820406925492,-0.198352997897092,0.04412227957715298,0.40300107208919034,0.012785307474977185,-0.162,-0.02,0.857,1.0,-0.004,0.01,-0.003,-0.176,-0.036,-0.062,-0.026,0.088,0.008,0.0,0.0,0.9243697478991596,1.0,0.0,0.0,0.0,25.37480514057172,0.2314891112367897,0.24270319730982176,49.774444133506584,299.97218563533323,0.5,0.002,0.0018,0.0092,0.0114
111,1761629051.750694,-0.025278383896519,0.09566097991371957,0.3839053655824951,-0.006723275651860951,-0.4953063592424718,0.04932330794385281,0.3933622008735862,0.036652627143719904,-0.169,-0.025,0.855,1.0,-0.005,0.012,-0.003,-0.206,-0.144,-0.057,-0.047,0.112,0.037,0.0,0.0,0.9327731092436974,1.0,0.0,0.0,0.0,25.367052644672622,0.23890370900822105,0.2448667490915104,49.77432685771504,299.97278735504943,0.5,0.0023,0.0023,0.014,0.0144
112,1761629051.778744,-0.043816778055058625,0.09372147348612733,0.3845136394694915,-0.0033201513075749945,-0.21066232548191524,0.07626591563779705,0.389988104452459,0.027307967790998627,-0.169,-0.025,0.855,1.0,-0.005,0.012,-0.003,-0.206,-0.144,-0.057,-0.047,0.112,0.037,0.0,0.0,0.9411764705882353,1.0,0.0,0.0,0.0,25.359776314573082,0.24419322062665616,0.24531059188307874,49.788248281603295,299.9734789996055,0.5,0.0022,0.0027,0.0117,0.0102
113,1761629051.8004293,-0.06708939798329894,0.18413476916386984,0.39088334358367344,-0.00022622579875987469,-0.27654297733746175,0.9978544302635523,0.44821068061131064,0.027619103780576196,-0.183,-0.024,0.843,1.0,-0.006,0.01,-0.003,-0.286,-0.133,-0.176,0.019,-0.047,0.042,0.0,0.0,0.9495798319327731,1.0,0.0,0.0,0.0,25.345872561603183,0.2519888047277056,0.24583064103870056,49.67479331225272,299.96771855849505,0.5,0.0016,0.0013,0.0067,0.0059
114,1761629051.8406672,-0.07571033046908432,0.2390368074679393,0.3935512807199413,0.0013240952743312432,-0.15329872284115276,0.7331551522045643,0.41756271494635244,0.015276984932151308,-0.183,-0.024,0.843,1.0,-0.006,0.01,-0.003,-0.286,-0.133,-0.176,0.019,-0.047,0.042,0.0,0.0,0.9579831932773109,1.0,0.0,0.0,0.0,25.332639647142706,0.25708790150948807,0.24696172333263097,49.60631546027601,299.9588761234976,0.5,0.002,0.0017,0.0085,0.0109
115,1761629051.951852,0.028585425967277325,0.17150314362763733,0.40419456877697413,0.00030824979329522185,0.9672472338945322,-0.4362998309350807,0.499984161290269,-0.008834359536028971,-0.186,-0.022,0.824,1.0,-0.006,0.009,-0.003,-0.111,0.059,-0.595,-0.011,-0.038,0.01,0.0,0.0,0.9663865546218487,1.0,0.0,0.0,0.0,25.29264083569212,0.2667315061059042,0.24594364287974385,49.64958969627819,299.9489331363095,0.5,0.0212,0.0179,0.0441,0.0063
116,1761629051.9714177,0.07047149044125492,0.1535203116848794,0.41375894612756736,-0.0014972314521159854,0.44744607070705333,-0.008325175799942075,0.4998383422829066,-0.01774656266081685,-0.186,-0.022,0.824,1.0,-0.006,0.009,-0.003,-0.111,0.059,-0.595,-0.011,-0.038,0.01,0.0,0.0,0.9747899159663865,1.0,0.0,0.0,0.0,25.25442242184359,0.26930508264836,0.24530922875631228,49.68158299744028,299.94209997754615,0.5,0.0016,0.0017,0.0082,0.0075
117,1761629052.012433,0.10148675399781566,0.08184764937592998,0.42238300527415534,-0.007568888687208801,0.38062412600686235,-0.5632063114046151,0.4999995375934473,-0.06221380380304414,-0.222,-0.011,0.712,1.0,-0.003,0.018,-0.003,0.002,0.389,-1.018,0.296,-0.116,-0.043,0.0,0.0,0.9831932773109243,1.0,0.0,0.0,0.0,25.185370627640975,0.2638828650617333,0.23951568227865735,49.74429199041043,299.9333086119268,0.5,0.0017,0.0025,0.0123,0.0118
118,1761629052.046201,0.0999470432649921,0.06106420292501212,0.4301440480329324,-0.012381771918742054,0.08608964666957995,-0.1259868151332484,0.4999934328619254,-0.055697721002541334,-0.222,-0.003,0.681,1.0,-0.001,0.016,-0.003,-0.004,0.227,-0.892,0.113,-0.082,-0.033,0.0,0.0,0.9915966386554621,1.0,0.0,0.0,0.0,25.128113711580717,0.24939756551324577,0.2370672267187285,49.76919778399729,299.929430973188,0.5,0.0018,0.0017,0.0139,0.0111
119,1761629052.08024,0.1381409713783282,-0.04261440476222876,0.43712960705829784,-0.01645775039046607,0.4818863243983531,-0.9757218739473967,0.49999963828658645,-0.05314155663598221,-0.226,0.004,0.649,1.0,-0.001,0.02,-0.004,-0.108,0.205,-0.95,0.005,0.191,-0.035,0.0,0.0,1.0,1.0,0.0,0.0,0.0,25.066570083655506,0.22376069618618083,0.23629325479409768,49.787357283428804,299.9340615606684,0.5,0.0017,0.0015,0.012,0.0127
120,1761629052.1318107,0.049321279016902156,-0.06001936651804007,0.443415044641325,-0.010067165839428096,-0.7500559522359322,-0.21666402232034188,0.49998398288856816,0.04744809511991367,-0.227,0.003,0.616,1.0,-0.001,0.02,-0.004,-0.026,-0.005,-0.985,0.013,0.052,0.031,0.0,0.0,1.0,1.0,0.0,0.0,0.0,25.002266949766774,0.1874073340410656,0.2377178538546128,49.78736356872182,299.93445177933927,0.5,0.0017,0.0056,0.0171,0.023
121,1761629052.1821637,0.016170533700862355,-0.06367677048252082,0.44907313791328596,-0.007010791745651017,-0.28218617414349584,-0.09659340616284762,0.49999597736093426,0.020496575098342705,-0.227,0.003,0.616,1.0,-0.001,0.02,-0.004,-0.026,-0.005,-0.985,0.013,0.052,0.031,0.0,0.0,1.0,1.0,0.0,0.0,0.0,24.938571879849658,0.1425649268560435,0.2394203833010995,49.77735915554076,299.9351536752631,0.5,0.0032,0.0066,0.0218,0.0156
122,1761629052.210314,0.00217539683206768,0.02269748819269027,0.45416542020976347,-0.006756260780337892,-0.12378083498708436,0.80006581626959,0.4999959608780609,-0.004465482092519752,-0.234,0.005,0.588,1.0,-0.0,0.021,-0.003,-0.217,0.044,-0.842,0.057,0.052,0.008,0.0,0.0,1.0,1.0,0.0,0.0,0.0,24.889206032958015,0.10228428035508677,0.24366262384307127,49.747117320441745,299.93539955542565,0.5,0.0016,0.0017,0.0121,0.0116
123,1761629052.2412717,0.023065480136087647,0.02043394350541227,0.4587358212169348,-0.010883973360182462,0.21107622987226737,6.20413199102221e-05,0.49986943028147657,-0.0480333865787836,-0.241,0.007,0.567,1.0,0.0,0.023,-0.004,-0.206,0.067,-0.624,0.029,0.1,-0.019,0.0,0.0,1.0,1.0,0.0,0.0,0.0,24.861336013949384,0.07715667146892934,0.24826279712309127,49.71452057513331,299.93591516990745,0.5,0.0016,0.0018,0.0149,0.0116
124,1761629052.2797942,0.04048446698693351,-0.07142326640337252,0.4628600997567205,-0.014578518438267473,0.19725534864454627,-0.8981381555824357,0.4999786066147917,-0.04782942414103256,-0.242,0.008,0.539,1.0,-0.0,0.024,-0.004,-0.016,0.021,-0.853,-0.039,0.071,-0.031,0.0,0.0,1.0,1.0,0.0,0.0,0.0,24.805896006497985,0.02285165468603608,0.24745104972561344,49.68574692805914,299.9365598713056,0.5,0.0044,0.0022,0.0178,0.0131
125,1761629052.3157995,0.09853435178785305,-0.1290733191680379,0.46657404546836995,-0.013401895192430797,0.6209833149961288,-0.6479237940500264,0.4999995568732154,-0.0028122859799007,-0.24,0.009,0.488,1.0,-0.002,0.025,-0.004,0.056,0.043,-1.536,-0.097,0.033,0.005,0.0,0.0,1.0,1.0,0.0,0.0,0.0,24.676119789987176,0.01,0.24528700878549242,49.62527057893106,299.93683457669033,0.5,0.0023,0.0036,0.0171,0.0119
126,1761629052.3397703,0.09816178994273378,-0.18720177392922166,0.4698549035659835,-0.013055301688357505,0.09480873333666037,-0.7103578667798753,0.4993826264445047,-0.009935960151697856,-0.253,0.008,0.46,0.999,-0.004,0.034,-0.004,-0.383,-0.038,-0.808,-0.115,0.524,-0.002,0.0,0.0,1.0,1.0,0.0,0.0,0.0,24.6360471398182,0.01,0.2903797981708457,49.382516335828996,299.93294677307995,0.5,0.0016,0.0016,0.0106,0.0092
127,1761629052.3635538,0.16753327842482402,-0.2684104282442749,0.47286240349978226,-0.018050451896865414,0.7918766747636362,-0.9992883170797544,0.4999299029039708,-0.06300680377343658,-0.256,0.012,0.431,0.999,-0.005,0.041,-0.005,-0.1,0.108,-0.842,-0.079,0.432,-0.03,0.0,0.0,1.0,1.0,0.0,0.0,0.0,24.59026776332978,0.01,0.3,49.29260089921983,299.92500711627895,0.5,0.0016,0.0025,0.0106,0.0079
128,1761629052.3896646,0.05264099593022417,-0.2992007931311871,0.47486252095237597,-0.016139594204609614,-0.9813895465211745,-0.5763140771133966,0.49286357802572,0.0010581250256925523,-0.261,0.012,0.417,0.999,-0.003,0.046,-0.005,-0.141,0.009,-0.421,0.102,0.262,-0.017,0.0,0.0,1.0,1.0,0.0,0.0,0.0,24.59122007185496,0.01170234722498499,0.3,49.525580780387465,299.9145454193252,0.5,0.0016,0.0017,0.0119,0.0088
129,1761629052.4345386,0.07923240780589118,-0.36746794724414505,0.4773723802374168,-0.020516218050118697,0.31855511468689424,-0.9818723342607663,0.4999611138027839,-0.05990583265970043,-0.253,0.019,0.387,0.999,-0.001,0.045,-0.005,0.25,0.208,-0.95,0.122,-0.009,-0.015,0.0,0.0,1.0,1.0,0.0,0.0,0.0,24.524684264779193,0.01,0.3,49.61622101542584,299.91668333226175,0.5,0.0016,0.0024,0.02,0.0198
130,1761629052.4790864,0.025833312571092733,-0.36282953656546724,0.4795560652949303,-0.01447539136866239,-0.45475854454209325,-0.32108384045736704,0.4992092308125517,0.03989204876444435,-0.259,0.017,0.37,0.999,-0.001,0.051,-0.005,-0.165,-0.043,-0.494,-0.007,0.313,0.018,0.0,0.0,1.0,1.0,0.0,0.0,0.0,24.511452380585094,0.01,0.2832557568202146,50.21740681579621,299.8900129402725,0.5,0.0023,0.0052,0.0246,0.0114
131,1761629052.5119936,-0.03280019763281906,-0.4149251987401293,0.4815404558301484,-0.01151502463565855,-0.5605017894680253,-0.8837861583120876,0.49939997064711117,0.015128275961376,-0.256,0.019,0.353,0.999,0.001,0.054,-0.005,0.084,0.047,-0.524,0.123,0.178,0.016,0.0,0.0,1.0,1.0,0.0,0.0,0.0,24.489657072076824,0.01,0.27965487156090546,50.6003087692582,299.8808274854662,0.5,0.0017,0.0017,0.0171,0.01
132,1761629052.545741,-0.04474941461722342,-0.42019821798176726,0.48338132397204264,-0.015463522912850077,-0.1522923674768627,-0.4676553911565087,0.4999491372490915,-0.051000007407573836,-0.247,0.022,0.331,0.999,0.003,0.053,-0.005,0.263,0.107,-0.652,0.149,-0.024,-0.016,0.0,0.0,1.0,1.0,0.0,0.0,0.0,24.450097230851267,0.01,0.2846605433702315,50.711396963150435,299.88152561598656,0.5,0.0032,0.0032,0.0156,0.0077
133,1761629052.5663598,-0.11981931454261527,-0.4074225413729083,0.4763420104122477,-0.015752034376176123,-0.7954484138711418,-0.29244145189317694,0.41298818837409274,-0.01834863754611052,-0.24,0.025,0.323,0.999,0.007,0.053,-0.006,0.198,0.078,-0.229,0.216,0.006,-0.009,0.0,0.0,1.0,1.0,0.0,0.0,0.0,24.45458568004658,0.01588992524031366,0.28753848595136494,50.94672958229827,299.87597071734604,0.5,0.001,0.0011,0.0096,0.008
134,1761629052.5913715,-0.0897654433999017,-0.37826216044738215,0.47817684475194083,-0.01776753218227711,0.18071939688452054,-0.1158187321176472,0.4946903538091789,-0.035907012437185935,-0.231,0.026,0.311,0.999,0.008,0.051,-0.006,0.264,0.046,-0.357,0.048,-0.123,-0.008,0.0,0.0,1.0,1.0,0.0,0.0,0.0,24.438327828583464,0.01,0.2918336815923661,50.97051801373279,299.87614575183426,0.5,0.0035,0.0013,0.0075,0.0116
135,1761629052.6302915,-0.007471988393471657,-0.43331537278903676,0.4722887613839025,-0.028426257723044118,0.7331691066643986,-0.9287942838639276,0.41929601107155706,-0.12435478758994717,-0.22,0.03,0.305,0.999,0.007,0.051,-0.007,0.334,0.095,-0.18,-0.009,-0.038,-0.05,0.0,0.0,1.0,1.0,0.0,0.0,0.0,24.43608030719195,0.01,0.2861513106366427,51.02480040444455,299.87135264810905,0.5,0.0039,0.0017,0.0134,0.0172
136,1761629052.6654353,-0.07732641265026634,-0.4274181488927047,0.4725908024295827,-0.022537102938375658,-0.7060162309614184,-0.3743431338257164,0.4753091718407043,0.030465290123640437,-0.207,0.029,0.297,0.999,0.008,0.049,-0.007,0.388,-0.025,-0.241,0.04,-0.123,-0.003,0.0,0.0,1.0,1.0,0.0,0.0,0.0,24.422353090466004,0.01,0.2851357989510891,51.0892923437724,299.8681750627984,0.5,0.0012,0.0015,0.021,0.0105
137,1761629052.7029657,-0.08469900470733385,-0.46037906466741096,0.4618391233609767,-0.015663609462901303,-0.15105233322094147,-0.7570273066397668,0.3650740117435225,0.046197831816367885,-0.196,0.028,0.297,0.999,0.008,0.049,-0.006,0.335,-0.032,-0.008,0.0,0.023,0.029,0.0,0.0,1.0,1.0,0.0,0.0,0.0,24.426957479837036,0.015162150961043055,0.26769980183532494,51.190364702375426,299.8568684657795,0.5,0.0029,0.0042,0.0196,0.0097
138,1761629052.7377431,-0.11505856283140992,-0.4532685494199696,0.4516021537771862,-0.013165346169458785,-0.3882945859480943,-0.3892739121929971,0.3594694275230714,0.009319023471523878,-0.186,0.027,0.3,0.999,0.009,0.05,-0.006,0.297,-0.029,0.101,0.058,0.036,0.013,0.0,0.0,1.0,1.0,0.0,0.0,0.0,24.435823585686688,0.024198454029285874,0.25921016457457957,51.23779602571802,299.8427166179235,0.5,0.0029,0.0018,0.0141,0.0143
139,1761629052.8487074,-0.10205811821526409,-0.46002729182894064,0.43870122859346566,-0.01629375052826707,0.01494588333004826,-0.5208559735096803,0.32259290193998014,-0.04444938975754166,-0.168,0.027,0.309,0.999,0.01,0.046,-0.006,0.551,0.012,0.247,0.049,-0.179,-0.005,0.0,0.0,1.0,1.0,0.0,0.0,0.0,24.453253655030466,0.03982873353161624,0.2675762418992877,51.1829856353406,299.84174580092576,0.5,0.0128,0.0118,0.0658,0.0078
140,1761629052.9305518,-0.16698637363333507,-0.44305790612708706,0.42088834685801263,-0.01325321382452245,-0.751340672395974,-0.2903334348104044,0.26057241123893565,0.014111616509179137,-0.15,0.026,0.325,0.999,0.012,0.043,-0.006,0.52,-0.027,0.482,0.134,-0.193,0.01,0.0,0.0,1.0,1.0,0.0,0.0,0.0,24.484733809461037,0.06474897723264421,0.2799802154181975,51.018531221453,299.8393060008754,0.5,0.014,0.0203,0.0317,0.0145
141,1761629052.9688625,-0.17409543901197266,-0.4041816790721382,0.41583201125966224,-0.015600822080325838,-0.2380770274197109,-0.05429563557759809,0.37032499087450854,-0.036729296382556315,-0.129,0.027,0.338,0.999,0.014,0.037,-0.006,0.655,0.033,0.403,0.153,-0.36,0.001,0.0,0.0,1.0,1.0,0.0,0.0,0.0,24.50322213825455,0.07693145478140682,0.3,50.730271496968435,299.84483267565946,0.5,0.0015,0.0031,0.0188,0.0127
142,1761629053.0025563,-0.20933937951491083,-0.31617578077142416,0.3936845807048865,-0.023216365520531988,-0.5265348440413543,0.47587730393500305,0.19435770571190433,-0.09175625648238732,-0.104,0.03,0.365,0.999,0.018,0.027,-0.007,0.752,0.083,0.801,0.239,-0.595,-0.033,0.0,0.0,1.0,1.0,0.0,0.0,0.0,24.54875673926644,0.1004123151095953,0.3,50.286350976432175,299.85624947827483,0.5,0.0016,0.0018,0.0222,0.007
143,1761629053.033561,-0.21992545081740283,-0.21237247587324698,0.3579341691564083,-0.009235335554912759,-0.315200092539831,0.7218572682103479,0.03618046522010478,0.11659393413566027,-0.076,0.025,0.403,1.0,0.018,0.014,-0.006,0.958,-0.162,1.312,-0.034,-0.937,0.074,0.0,0.0,1.0,1.0,0.0,0.0,0.0,24.625080672683506,0.1264759437840871,0.3,50.66330684103784,299.8625574232888,0.5,0.0016,0.0019,0.0161,0.0103
144,1761629053.0638356,-0.295234219005048,-0.09113751860999295,0.3636988072490731,-0.0022548675352897854,-0.9730131326938545,0.9999770967592934,0.4155805500830559,0.06056934464131701,-0.052,0.018,0.433,1.0,0.019,-0.001,-0.006,0.675,-0.217,0.84,0.072,-0.814,0.033,0.0,0.0,1.0,1.0,0.0,0.0,0.0,24.655540335239028,0.1296027774755661,0.3,50.71740053992076,299.8682634862365,0.5,0.0016,0.0018,0.014,0.0118
145,1761629053.0942397,-0.17933417921592387,-0.11284443217211997,0.3343321102931368,-0.018491484781300443,0.8637661788861934,-0.30820665423126303,0.07003183768971058,-0.16462103999539635,-0.024,0.018,0.481,1.0,0.018,-0.012,-0.007,0.819,0.02,1.453,-0.029,-0.676,-0.051,0.0,0.0,1.0,1.0,0.0,0.0,0.0,24.721667760863234,0.11998355884049856,0.3,50.73521319457062,299.8718238356922,0.5,0.0015,0.0031,0.0128,0.0119
146,1761629053.126251,-0.18282642299014837,-0.0015630428216563685,0.3420710721202691,-0.01666422206590761,-0.21425661695816856,0.9999694613325162,0.4117217285644595,-0.0002188576273720877,0.015,0.012,0.514,0.999,0.016,-0.032,-0.007,1.233,-0.198,1.01,-0.132,-1.235,0.024,0.0,0.0,1.0,1.0,0.0,0.0,0.0,24.753624206315436,0.10759419585143817,0.3,52.000766436978644,299.87549716523444,0.5,0.0031,0.0026,0.0143,0.0108
147,1761629053.1587687,-0.2157960373938674,0.09854580020576913,0.31426785163222154,-0.024110942443903462,-0.5125225670273388,0.9995253874525984,0.06403886723979257,-0.0911314258458662,0.044,0.008,0.566,0.999,0.017,-0.048,-0.008,0.864,-0.105,1.59,0.037,-0.987,-0.029,0.0,0.0,1.0,1.0,0.0,0.0,0.0,24.812446464712654,0.06126871134725043,0.3,52.24549749906921,299.880612815769,0.5,0.0014,0.0032,0.017,0.01
148,1761629053.1908395,-0.17551627122279498,0.059966372904677295,0.329424452424321,-0.026873061476281063,0.1870016243168567,-0.2872484728051491,0.4658338595532163,-0.05173213276767947,0.087,0.002,0.598,0.998,0.014,-0.064,-0.008,1.367,-0.215,1.027,-0.171,-1.039,0.012,0.0,0.0,1.0,1.0,0.0,0.0,0.0,24.83503798754966,0.03664234787965902,0.3,52.84092832536171,299.8820632154627,0.5,0.0014,0.0043,0.0134,0.012
149,1761629053.2252622,-0.13752967519346712,-0.03135234399213219,0.2886221456694603,-0.03302859621555744,0.20434968907048362,-0.8532207960634173,-0.07859861512428606,-0.08842840886904477,0.125,0.0,0.663,0.997,0.013,-0.076,-0.009,1.159,-0.049,1.933,-0.043,-0.716,-0.015,0.0,0.0,1.0,1.0,0.0,0.0,0.0,24.89631057717483,0.01,0.3,52.76720673147797,299.8831434476098,0.5,0.0038,0.0015,0.0169,0.0113
150,1761629053.2581346,-0.14146477176409228,0.07178288725086919,0.30964833298623307,-0.0023381933170502495,-0.17688064089971806,0.9999999684378815,0.49888401883718747,0.2738754327695144,0.172,-0.008,0.698,0.995,0.01,-0.1,-0.008,1.53,-0.251,1.159,-0.202,-1.569,0.063,0.0,0.0,1.0,1.0,0.0,0.0,0.0,24.916492579036326,0.01,0.3,53.93405218957013,299.8846068520146,0.5,0.0018,0.0015,0.0159,0.0127
151,1761629053.2829642,-0.20835237448487237,0.11384514867469056,0.27650333892061224,-0.018032178868427527,-0.8103407989718932,0.492405501489083,-0.021801607669974854,-0.15927804883082294,0.212,-0.017,0.766,0.993,0.009,-0.117,-0.009,1.154,-0.258,1.935,-0.058,-0.945,-0.04,0.0,0.0,1.0,1.0,0.0,0.0,0.0,24.962355675574294,0.01,0.3,53.94066026245433,299.8851846655711,0.5,0.0022,0.0015,0.0104,0.0093
152,1761629053.3060267,-0.2874977471976383,0.20245853657524246,0.2545576836898923,-0.000297616267703988,-0.9998061016125315,0.9999790276802096,0.0570467866134124,0.15931344713880785,0.244,-0.038,0.827,0.991,0.009,-0.137,-0.007,0.947,-0.66,1.85,0.051,-1.234,0.116,0.0,0.0,1.0,1.0,0.0,0.0,0.0,24.997671287721133,0.01,0.3,53.85804316366232,299.88596381426237,0.5,0.0023,0.0015,0.0105,0.0077
153,1761629053.3393075,-0.23093229731916645,0.282212584953711,0.27909836703302593,0.09972221545381525,0.27815675158708064,0.9999990203599277,0.49996451712122797,0.9999007009474883,0.396,-0.106,0.995,0.974,-0.002,-0.225,-0.006,1.201,-0.376,0.179,-0.291,-1.586,0.093,0.0,0.0,1.0,1.0,0.0,0.0,0.0,24.9830172364462,0.09735840540786178,0.3,54.42558258389782,299.8845305784168,0.5,0.0015,0.0015,0.0126,0.0063
154,1761629053.3891404,-0.3078385053786945,0.35399132277582573,0.3011880213800566,0.07907012282602174,-0.9999943779144462,0.9999999631748587,0.49999491050333367,-0.10679871082411974,0.488,-0.165,0.997,0.96,-0.004,-0.281,-0.003,1.36,-0.872,0.026,-0.043,-1.713,0.106,0.0,0.0,1.0,1.0,0.0,0.0,0.0,24.97014795335377,0.18166310576470646,0.3,54.907662322118846,299.8734751591182,0.5,0.0015,0.0051,0.0213,0.0104
155,1761629053.5128965,-0.3770543143367958,0.4185921723509044,0.3120640638053205,0.17115310991230603,-0.999996594959708,0.9999998185266129,0.4099484456326949,0.9998999936888643,0.488,-0.165,0.997,0.96,-0.004,-0.281,-0.003,1.36,-0.872,0.026,-0.043,-1.713,0.106,0.0,0.0,1.0,1.0,0.0,0.0,0.0,24.960611185014706,0.24042693771630763,0.3,55.824285285286,299.8521732021398,0.5,0.0018,0.0017,0.0386,0.0809
156,1761629053.65995,-0.23934888292083756,0.27673295511974877,0.33085765742007345,0.2540377988798615,0.9999999998227863,-0.9999999999606516,0.4999999999528498,0.9999999995878606,0.0,0.0,0.0,1.0,-0.0,-0.0,-0.0,-14.504,4.909,-29.627,0.251,16.707,0.157,0.0,0.0,1.0,1.0,0.0,0.0,0.0,24.33798517309463,1.0,0.04,24.420364815400063,300.62995781889384,0.5,0.0129,0.018,0.0573,0.0543
157,1761629053.6842644,-0.3154139946282767,0.34905965960769914,0.34777189167805866,0.1286340189919194,-0.9999999999952287,0.9999999999992516,0.4999999999999253,-0.9999999999995592,0.0,0.0,0.0,1.0,-0.0,-0.0,-0.0,0.0,0.0,0.0,0.0,0.0,0.0,0.0,0.0,1.0,1.0,0.0,0.0,0.0,24.537079269790365,1.0,0.04,24.326814897580757,300.6407437424879,0.5,0.0025,0.0026,0.0098,0.0081
158,1761629053.7082798,-0.183872595451359,0.214153693677934,0.3629947015545544,0.09451661961914785,0.9999999971408998,-0.999999999689952,0.4999999904430155,-0.21253997473579567,0.0,0.0,0.0,1.0,-0.0,-0.0,-0.0,0.0,0.0,0.0,0.0,0.0,0.0,0.0,0.0,1.0,1.0,0.0,0.0,0.0,24.774894813786624,1.0,0.04,24.773629166497855,300.6546538528497,0.5,0.0017,0.0031,0.0097,0.0083
